ISO-10303-21;
HEADER;
FILE_DESCRIPTION (( 'STEP AP214' ),
    '1' );
FILE_NAME ('B2PS-VH.STEP',
    '2023-12-10T21:29:25',
    ( '' ),
    ( '' ),
    'SwSTEP 2.0',
    'SolidWorks 2021',
    '' );
FILE_SCHEMA (( 'AUTOMOTIVE_DESIGN' ));
ENDSEC;

DATA;
#1 = CARTESIAN_POINT ( 'NONE',  ( -2.550000000000002931, 3.729999999999999094, 1.069999999999999840 ) ) ;
#2 = PLANE ( 'NONE',  #1389 ) ;
#3 = EDGE_CURVE ( 'NONE', #263, #1179, #409, .T. ) ;
#4 = CARTESIAN_POINT ( 'NONE',  ( 4.530000000000002025, 3.199999999999999734, -0.5699999999999998401 ) ) ;
#5 = VERTEX_POINT ( 'NONE', #276 ) ;
#6 = ORIENTED_EDGE ( 'NONE', *, *, #682, .T. ) ;
#7 = DIRECTION ( 'NONE',  ( 1.000000000000000000, 0.000000000000000000, 0.000000000000000000 ) ) ;
#8 = DIRECTION ( 'NONE',  ( 0.000000000000000000, 1.000000000000000000, 0.000000000000000000 ) ) ;
#9 = CARTESIAN_POINT ( 'NONE',  ( 16.41000000000000014, 7.488675134594828364, -3.699999999999922018 ) ) ;
#10 = CARTESIAN_POINT ( 'NONE',  ( -1.410000000000000586, 5.370000000000000107, 4.000000000000000000 ) ) ;
#11 = STYLED_ITEM ( 'NONE', ( #1313 ), #453 ) ;
#12 = APPLICATION_CONTEXT ( 'automotive_design' ) ;
#13 = CIRCLE ( 'NONE', #194, 0.5000000000000002220 ) ;
#14 = EDGE_CURVE ( 'NONE', #1317, #523, #988, .T. ) ;
#15 =( LENGTH_UNIT ( ) NAMED_UNIT ( * ) SI_UNIT ( .MILLI., .METRE. ) );
#16 = AXIS2_PLACEMENT_3D ( 'NONE', #827, #478, #1031 ) ;
#17 = VERTEX_POINT ( 'NONE', #1258 ) ;
#18 = VECTOR ( 'NONE', #79, 1000.000000000000000 ) ;
#19 = ORIENTED_EDGE ( 'NONE', *, *, #1064, .F. ) ;
#20 = DIRECTION ( 'NONE',  ( 1.000000000000000000, 0.000000000000000000, 0.000000000000000000 ) ) ;
#21 = LINE ( 'NONE', #318, #1198 ) ;
#22 = DIRECTION ( 'NONE',  ( 0.000000000000000000, 1.000000000000000000, 0.000000000000000000 ) ) ;
#23 = ORIENTED_EDGE ( 'NONE', *, *, #754, .T. ) ;
#24 = ADVANCED_FACE ( 'NONE', ( #487 ), #620, .T. ) ;
#25 = VERTEX_POINT ( 'NONE', #1129 ) ;
#26 = CARTESIAN_POINT ( 'NONE',  ( -1.660000000000005249, 4.480000000000003091, 14.90000000000000036 ) ) ;
#27 = CARTESIAN_POINT ( 'NONE',  ( -0.5700000000000010614, 9.400000000000000355, -3.299632742307101463 ) ) ;
#28 = ORIENTED_EDGE ( 'NONE', *, *, #1118, .F. ) ;
#29 = ORIENTED_EDGE ( 'NONE', *, *, #100, .T. ) ;
#30 = ADVANCED_FACE ( 'NONE', ( #910 ), #501, .F. ) ;
#31 = DIRECTION ( 'NONE',  ( -0.000000000000000000, -6.195440985632059782E-16, -1.000000000000000000 ) ) ;
#32 =( NAMED_UNIT ( * ) PLANE_ANGLE_UNIT ( ) SI_UNIT ( $, .RADIAN. ) );
#33 = VERTEX_POINT ( 'NONE', #821 ) ;
#34 = AXIS2_PLACEMENT_3D ( 'NONE', #1230, #901, #267 ) ;
#35 = PRESENTATION_STYLE_ASSIGNMENT (( #998 ) ) ;
#36 = VECTOR ( 'NONE', #730, 1000.000000000000000 ) ;
#37 = EDGE_LOOP ( 'NONE', ( #1158, #1215, #1252, #706 ) ) ;
#38 =( GEOMETRIC_REPRESENTATION_CONTEXT ( 3 ) GLOBAL_UNCERTAINTY_ASSIGNED_CONTEXT ( ( #1092 ) ) GLOBAL_UNIT_ASSIGNED_CONTEXT ( ( #1078, #1188, #858 ) ) REPRESENTATION_CONTEXT ( 'NONE', 'WORKASPACE' ) );
#39 = AXIS2_PLACEMENT_3D ( 'NONE', #519, #181, #498 ) ;
#40 = PRODUCT_DEFINITION ( 'UNKNOWN', '', #987, #1233 ) ;
#41 = CARTESIAN_POINT ( 'NONE',  ( 4.529999999999999361, 9.400000000000000355, -3.299632742307101463 ) ) ;
#42 = APPLICATION_CONTEXT ( 'automotive_design' ) ;
#43 = ORIENTED_EDGE ( 'NONE', *, *, #550, .T. ) ;
#44 = SURFACE_SIDE_STYLE ('',( #560 ) ) ;
#45 = DIRECTION ( 'NONE',  ( 0.000000000000000000, -1.000000000000000000, 0.000000000000000000 ) ) ;
#46 = ORIENTED_EDGE ( 'NONE', *, *, #879, .F. ) ;
#47 = FACE_OUTER_BOUND ( 'NONE', #739, .T. ) ;
#48 = CARTESIAN_POINT ( 'NONE',  ( -2.299999999999999822, 4.229999999999999538, 14.90000000000000036 ) ) ;
#49 = EDGE_CURVE ( 'NONE', #5, #33, #582, .T. ) ;
#50 = ORIENTED_EDGE ( 'NONE', *, *, #576, .F. ) ;
#51 = ORIENTED_EDGE ( 'NONE', *, *, #1043, .T. ) ;
#52 = PLANE ( 'NONE',  #1275 ) ;
#53 = DIRECTION ( 'NONE',  ( -1.000000000000000000, 0.000000000000000000, 0.000000000000000000 ) ) ;
#54 = DIRECTION ( 'NONE',  ( 0.000000000000000000, 0.000000000000000000, 1.000000000000000000 ) ) ;
#55 = ORIENTED_EDGE ( 'NONE', *, *, #1064, .T. ) ;
#56 =( LENGTH_UNIT ( ) NAMED_UNIT ( * ) SI_UNIT ( .MILLI., .METRE. ) );
#57 = EDGE_CURVE ( 'NONE', #551, #538, #303, .T. ) ;
#58 = ORIENTED_EDGE ( 'NONE', *, *, #1211, .F. ) ;
#59 = VECTOR ( 'NONE', #1352, 1000.000000000000000 ) ;
#60 = CARTESIAN_POINT ( 'NONE',  ( -0.5700000000000036149, 3.199999999999999734, 0.5699999999999985079 ) ) ;
#61 = AXIS2_PLACEMENT_3D ( 'NONE', #850, #101, #651 ) ;
#62 = PLANE ( 'NONE',  #34 ) ;
#63 = CARTESIAN_POINT ( 'NONE',  ( 4.530000000000002025, -4.336808689942017736E-16, -0.5699999999999998401 ) ) ;
#64 = ORIENTED_EDGE ( 'NONE', *, *, #14, .T. ) ;
#65 = ORIENTED_EDGE ( 'NONE', *, *, #1396, .F. ) ;
#66 = EDGE_CURVE ( 'NONE', #154, #1394, #1141, .T. ) ;
#67 = FACE_OUTER_BOUND ( 'NONE', #511, .T. ) ;
#68 = LINE ( 'NONE', #1120, #283 ) ;
#69 = ORIENTED_EDGE ( 'NONE', *, *, #198, .T. ) ;
#70 = DIRECTION ( 'NONE',  ( 0.000000000000000000, 1.000000000000000000, 0.000000000000000000 ) ) ;
#71 = ADVANCED_FACE ( 'NONE', ( #797 ), #897, .F. ) ;
#72 = DIRECTION ( 'NONE',  ( 0.000000000000000000, -1.000000000000000000, -8.874779038080531214E-17 ) ) ;
#73 = LINE ( 'NONE', #1386, #1200 ) ;
#74 = LINE ( 'NONE', #909, #812 ) ;
#75 = ORIENTED_EDGE ( 'NONE', *, *, #143, .T. ) ;
#76 = ORIENTED_EDGE ( 'NONE', *, *, #822, .T. ) ;
#77 = CARTESIAN_POINT ( 'NONE',  ( 16.47244390456740604, -3.599999999999999645, -0.3200000000000003952 ) ) ;
#78 = VECTOR ( 'NONE', #589, 1000.000000000000000 ) ;
#79 = DIRECTION ( 'NONE',  ( -1.000000000000000000, -0.000000000000000000, -0.000000000000000000 ) ) ;
#80 = DIRECTION ( 'NONE',  ( 0.000000000000000000, -0.9396926207859083169, 0.3420201433256687684 ) ) ;
#81 = VECTOR ( 'NONE', #1117, 1000.000000000000000 ) ;
#82 = LINE ( 'NONE', #508, #1060 ) ;
#83 = PRODUCT_RELATED_PRODUCT_CATEGORY ( 'part', '', ( #1073 ) ) ;
#84 = AXIS2_PLACEMENT_3D ( 'NONE', #704, #925, #190 ) ;
#85 = DIRECTION ( 'NONE',  ( 0.000000000000000000, 0.000000000000000000, 1.000000000000000000 ) ) ;
#86 = ORIENTED_EDGE ( 'NONE', *, *, #962, .T. ) ;
#87 = DIRECTION ( 'NONE',  ( -0.000000000000000000, -1.000000000000000000, -5.225070710773516221E-17 ) ) ;
#88 = CARTESIAN_POINT ( 'NONE',  ( -1.950000000000000400, 3.199999999999999734, -2.000000000000000000 ) ) ;
#89 = LINE ( 'NONE', #1273, #985 ) ;
#90 = DIRECTION ( 'NONE',  ( -1.000000000000000000, 0.000000000000000000, 0.000000000000000000 ) ) ;
#91 = ADVANCED_FACE ( 'NONE', ( #1026 ), #691, .T. ) ;
#92 = ORIENTED_EDGE ( 'NONE', *, *, #770, .T. ) ;
#93 = PRODUCT_CONTEXT ( 'NONE', #1136, 'mechanical' ) ;
#94 = LINE ( 'NONE', #825, #78 ) ;
#95 = CARTESIAN_POINT ( 'NONE',  ( 0.5699999999999985079, -4.336808689942017736E-16, -0.5699999999999998401 ) ) ;
#96 = CARTESIAN_POINT ( 'NONE',  ( -0.5700000000000036149, 3.199999999999999734, 0.5699999999999985079 ) ) ;
#97 = CARTESIAN_POINT ( 'NONE',  ( 4.529999999999999361, 9.400000000000000355, -2.400367257692822331 ) ) ;
#98 = CARTESIAN_POINT ( 'NONE',  ( -0.5700000000000010614, -4.336808689942017736E-16, -2.699999999999931788 ) ) ;
#99 = ORIENTED_EDGE ( 'NONE', *, *, #14, .F. ) ;
#100 = EDGE_CURVE ( 'NONE', #237, #424, #68, .T. ) ;
#101 = DIRECTION ( 'NONE',  ( 0.000000000000000000, 0.000000000000000000, 1.000000000000000000 ) ) ;
#102 = DIRECTION ( 'NONE',  ( -1.000000000000000000, -0.000000000000000000, -0.000000000000000000 ) ) ;
#103 = AXIS2_PLACEMENT_3D ( 'NONE', #574, #894, #1209 ) ;
#104 = VECTOR ( 'NONE', #1015, 1000.000000000000000 ) ;
#105 = CARTESIAN_POINT ( 'NONE',  ( 16.47244390456740604, 5.369999999999999218, 14.90000000000000036 ) ) ;
#106 = PRESENTATION_LAYER_ASSIGNMENT (  '', '', ( #919 ) ) ;
#107 = DIRECTION ( 'NONE',  ( -1.000000000000000000, -0.000000000000000000, 0.000000000000000000 ) ) ;
#108 = ORIENTED_EDGE ( 'NONE', *, *, #1206, .F. ) ;
#109 = LINE ( 'NONE', #534, #609 ) ;
#110 = DIRECTION ( 'NONE',  ( 0.000000000000000000, -0.5000000000000069944, 0.8660254037844344888 ) ) ;
#111 = APPLICATION_CONTEXT ( 'automotive_design' ) ;
#112 = ORIENTED_EDGE ( 'NONE', *, *, #269, .T. ) ;
#113 = PRODUCT_DEFINITION_SHAPE ( 'NONE', 'NONE',  #40 ) ;
#114 = VERTEX_POINT ( 'NONE', #394 ) ;
#115 = SURFACE_STYLE_FILL_AREA ( #532 ) ;
#116 = DIRECTION ( 'NONE',  ( -1.000000000000000000, 0.000000000000000000, 0.000000000000000000 ) ) ;
#117 = DIRECTION ( 'NONE',  ( 0.000000000000000000, 0.000000000000000000, 1.000000000000000000 ) ) ;
#118 = ADVANCED_FACE ( 'NONE', ( #1012 ), #1034, .F. ) ;
#119 = DIRECTION ( 'NONE',  ( -1.000000000000000000, -0.000000000000000000, -0.000000000000000000 ) ) ;
#120 = ADVANCED_FACE ( 'NONE', ( #811 ), #295, .F. ) ;
#121 = CARTESIAN_POINT ( 'NONE',  ( 16.47244390456740604, -3.599999999999999201, 0.3199999999999992295 ) ) ;
#122 = EDGE_LOOP ( 'NONE', ( #99, #1331, #1111, #1307 ) ) ;
#123 = EDGE_LOOP ( 'NONE', ( #1003, #761, #799, #862 ) ) ;
#124 = DIRECTION ( 'NONE',  ( 0.000000000000000000, 0.000000000000000000, 1.000000000000000000 ) ) ;
#125 = PRODUCT_DEFINITION_SHAPE ( 'NONE', 'NONE',  #1400 ) ;
#126 = LINE ( 'NONE', #735, #697 ) ;
#127 = VECTOR ( 'NONE', #1134, 1000.000000000000000 ) ;
#128 = EDGE_CURVE ( 'NONE', #729, #1091, #183, .T. ) ;
#129 = PRODUCT ( 'BxPS-VH_2', 'BxPS-VH_2', '', ( #347 ) ) ;
#130 = VECTOR ( 'NONE', #261, 1000.000000000000000 ) ;
#131 = VECTOR ( 'NONE', #1261, 1000.000000000000000 ) ;
#132 = EDGE_LOOP ( 'NONE', ( #1197, #753, #881, #1005 ) ) ;
#133 = ORIENTED_EDGE ( 'NONE', *, *, #793, .F. ) ;
#134 = CARTESIAN_POINT ( 'NONE',  ( -2.550000000000002931, 3.729999999999999094, 0.5699999999999997291 ) ) ;
#135 = ORIENTED_EDGE ( 'NONE', *, *, #926, .T. ) ;
#136 = ADVANCED_FACE ( 'NONE', ( #415 ), #1052, .F. ) ;
#137 = ORIENTED_EDGE ( 'NONE', *, *, #635, .F. ) ;
#138 = CARTESIAN_POINT ( 'NONE',  ( -1.660000000000005249, 5.119999999999994778, 14.90000000000000036 ) ) ;
#139 = LINE ( 'NONE', #4, #333 ) ;
#140 = ORIENTED_EDGE ( 'NONE', *, *, #759, .T. ) ;
#141 = FILL_AREA_STYLE ('',( #567 ) ) ;
#142 = ORIENTED_EDGE ( 'NONE', *, *, #890, .T. ) ;
#143 = EDGE_CURVE ( 'NONE', #160, #114, #208, .T. ) ;
#144 = EDGE_CURVE ( 'NONE', #1324, #25, #835, .T. ) ;
#145 =( NAMED_UNIT ( * ) SI_UNIT ( $, .STERADIAN. ) SOLID_ANGLE_UNIT ( ) );
#146 = CARTESIAN_POINT ( 'NONE',  ( -2.206792932839351629, 4.573207067160651285, 15.15608431235746778 ) ) ;
#147 = VERTEX_POINT ( 'NONE', #1286 ) ;
#148 = AXIS2_PLACEMENT_3D ( 'NONE', #459, #867, #1205 ) ;
#149 =( NAMED_UNIT ( * ) SI_UNIT ( $, .STERADIAN. ) SOLID_ANGLE_UNIT ( ) );
#150 = VECTOR ( 'NONE', #286, 1000.000000000000000 ) ;
#151 = VERTEX_POINT ( 'NONE', #738 ) ;
#152 = VECTOR ( 'NONE', #70, 1000.000000000000000 ) ;
#153 = FACE_OUTER_BOUND ( 'NONE', #298, .T. ) ;
#154 = VERTEX_POINT ( 'NONE', #626 ) ;
#155 = CARTESIAN_POINT ( 'NONE',  ( -1.410000000000001474, 4.229999999999999538, 14.90000000000000036 ) ) ;
#156 = ORIENTED_EDGE ( 'NONE', *, *, #66, .F. ) ;
#157 = CARTESIAN_POINT ( 'NONE',  ( -0.5700000000000036149, 3.199999999999999734, -0.5699999999999998401 ) ) ;
#158 = CARTESIAN_POINT ( 'NONE',  ( 4.530000000000002025, -4.336808689942017736E-16, -0.5699999999999998401 ) ) ;
#159 = EDGE_CURVE ( 'NONE', #452, #382, #1276, .T. ) ;
#160 = VERTEX_POINT ( 'NONE', #98 ) ;
#161 = EDGE_CURVE ( 'NONE', #996, #729, #522, .T. ) ;
#162 = ORIENTED_EDGE ( 'NONE', *, *, #1089, .T. ) ;
#163 = DIRECTION ( 'NONE',  ( 0.000000000000000000, -0.000000000000000000, -1.000000000000000000 ) ) ;
#164 = DIRECTION ( 'NONE',  ( 0.000000000000000000, 0.000000000000000000, -1.000000000000000000 ) ) ;
#165 = LINE ( 'NONE', #924, #766 ) ;
#166 = DIRECTION ( 'NONE',  ( 0.000000000000000000, 0.000000000000000000, -1.000000000000000000 ) ) ;
#167 = PRODUCT_DEFINITION_CONTEXT ( 'detailed design', #111, 'design' ) ;
#168 = VECTOR ( 'NONE', #1183, 1000.000000000000000 ) ;
#169 = VERTEX_POINT ( 'NONE', #633 ) ;
#170 = VECTOR ( 'NONE', #189, 1000.000000000000114 ) ;
#171 = DIRECTION ( 'NONE',  ( 0.9396926207859079838, -0.3420201433256698786, 1.301119236587701659E-16 ) ) ;
#172 =( GEOMETRIC_REPRESENTATION_CONTEXT ( 3 ) GLOBAL_UNCERTAINTY_ASSIGNED_CONTEXT ( ( #911 ) ) GLOBAL_UNIT_ASSIGNED_CONTEXT ( ( #1280, #646, #866 ) ) REPRESENTATION_CONTEXT ( 'NONE', 'WORKASPACE' ) );
#173 = VECTOR ( 'NONE', #300, 1000.000000000000000 ) ;
#174 = CARTESIAN_POINT ( 'NONE',  ( 16.47244390456740604, -2.913130645136343677, -0.5700000000000007283 ) ) ;
#175 = DIRECTION ( 'NONE',  ( 0.000000000000000000, 0.000000000000000000, 1.000000000000000000 ) ) ;
#176 = CARTESIAN_POINT ( 'NONE',  ( 16.47244390456740604, -2.913130645136343677, -0.5700000000000007283 ) ) ;
#177 = CARTESIAN_POINT ( 'NONE',  ( -0.5700000000000036149, -4.336808689942017736E-16, -0.5699999999999998401 ) ) ;
#178 = ORIENTED_EDGE ( 'NONE', *, *, #668, .F. ) ;
#179 = ADVANCED_FACE ( 'NONE', ( #1058 ), #515, .F. ) ;
#180 = CARTESIAN_POINT ( 'NONE',  ( 16.41000000000000014, 0.4999999999999995559, -3.199999999999931344 ) ) ;
#181 = DIRECTION ( 'NONE',  ( 0.000000000000000000, -0.3420201433256694346, 0.9396926207859080948 ) ) ;
#182 = ORIENTED_EDGE ( 'NONE', *, *, #879, .T. ) ;
#183 = LINE ( 'NONE', #713, #725 ) ;
#184 = ORIENTED_EDGE ( 'NONE', *, *, #143, .F. ) ;
#185 = EDGE_CURVE ( 'NONE', #1068, #5, #1381, .T. ) ;
#186 = CARTESIAN_POINT ( 'NONE',  ( -1.410000000000001474, 3.729999999999999094, -0.5699999999999999512 ) ) ;
#187 = CARTESIAN_POINT ( 'NONE',  ( -0.5700000000000036149, 3.199999999999999734, -0.5699999999999998401 ) ) ;
#188 = SURFACE_SIDE_STYLE ('',( #728 ) ) ;
#189 = DIRECTION ( 'NONE',  ( -0.3236155771181857821, -0.8891264907159879272, 0.3236155771181848384 ) ) ;
#190 = DIRECTION ( 'NONE',  ( -1.000000000000000000, 0.000000000000000000, -0.000000000000000000 ) ) ;
#191 = VERTEX_POINT ( 'NONE', #907 ) ;
#192 =( GEOMETRIC_REPRESENTATION_CONTEXT ( 3 ) GLOBAL_UNCERTAINTY_ASSIGNED_CONTEXT ( ( #1315 ) ) GLOBAL_UNIT_ASSIGNED_CONTEXT ( ( #15, #32, #1090 ) ) REPRESENTATION_CONTEXT ( 'NONE', 'WORKASPACE' ) );
#193 = LINE ( 'NONE', #1225, #527 ) ;
#194 = AXIS2_PLACEMENT_3D ( 'NONE', #1, #851, #332 ) ;
#195 = PLANE ( 'NONE',  #566 ) ;
#196 = DIRECTION ( 'NONE',  ( 0.000000000000000000, -0.000000000000000000, -1.000000000000000000 ) ) ;
#197 = CARTESIAN_POINT ( 'NONE',  ( 4.529999999999999361, 7.488675134594828364, -3.699999999999922018 ) ) ;
#198 = EDGE_CURVE ( 'NONE', #1314, #784, #702, .T. ) ;
#199 = DIRECTION ( 'NONE',  ( 0.000000000000000000, 0.000000000000000000, -1.000000000000000000 ) ) ;
#200 = ORIENTED_EDGE ( 'NONE', *, *, #1164, .T. ) ;
#201 = DIRECTION ( 'NONE',  ( 0.000000000000000000, -1.000000000000000000, 0.000000000000000000 ) ) ;
#202 = LINE ( 'NONE', #1016, #676 ) ;
#203 =( NAMED_UNIT ( * ) SI_UNIT ( $, .STERADIAN. ) SOLID_ANGLE_UNIT ( ) );
#204 = ORIENTED_EDGE ( 'NONE', *, *, #1194, .T. ) ;
#205 = DIRECTION ( 'NONE',  ( -0.3236155771181873919, 0.3236155771181886132, -0.8891264907159859288 ) ) ;
#206 = EDGE_CURVE ( 'NONE', #637, #495, #284, .T. ) ;
#207 = DIRECTION ( 'NONE',  ( 0.000000000000000000, 0.000000000000000000, 1.000000000000000000 ) ) ;
#208 = LINE ( 'NONE', #1391, #1393 ) ;
#209 = ORIENTED_EDGE ( 'NONE', *, *, #997, .T. ) ;
#210 = CARTESIAN_POINT ( 'NONE',  ( -0.5700000000000010614, 8.300000000000000711, -1.999999999999999556 ) ) ;
#211 = CARTESIAN_POINT ( 'NONE',  ( 4.530000000000002025, 3.199999999999999734, 0.5699999999999985079 ) ) ;
#212 = DIRECTION ( 'NONE',  ( 0.000000000000000000, 1.000000000000000000, 0.000000000000000000 ) ) ;
#213 = DIRECTION ( 'NONE',  ( -0.3236155771181840612, 0.8891264907159885933, -0.3236155771181851160 ) ) ;
#214 = ORIENTED_EDGE ( 'NONE', *, *, #1189, .F. ) ;
#215 = EDGE_LOOP ( 'NONE', ( #352, #204, #662, #887 ) ) ;
#216 = DIRECTION ( 'NONE',  ( -0.000000000000000000, 1.000000000000000000, 1.183303871744070746E-16 ) ) ;
#217 = PLANE ( 'NONE',  #918 ) ;
#218 = COLOUR_RGB ( '',0.7960784313725489669, 0.8235294117647058432, 0.9372549019607843146 ) ;
#219 = AXIS2_PLACEMENT_3D ( 'NONE', #9, #1387, #110 ) ;
#220 = PRODUCT_DEFINITION_FORMATION_WITH_SPECIFIED_SOURCE ( 'ANY', '', #129, .NOT_KNOWN. ) ;
#221 = VECTOR ( 'NONE', #733, 1000.000000000000000 ) ;
#222 = ORIENTED_EDGE ( 'NONE', *, *, #269, .F. ) ;
#223 = VERTEX_POINT ( 'NONE', #595 ) ;
#224 = EDGE_CURVE ( 'NONE', #33, #323, #491, .T. ) ;
#225 = DIRECTION ( 'NONE',  ( 1.000000000000000000, 0.000000000000000000, 0.000000000000000000 ) ) ;
#226 = LINE ( 'NONE', #639, #656 ) ;
#227 = CARTESIAN_POINT ( 'NONE',  ( 4.530000000000002025, -4.336808689942017736E-16, 0.5699999999999985079 ) ) ;
#228 = EDGE_CURVE ( 'NONE', #838, #1045, #512, .T. ) ;
#229 = SURFACE_STYLE_USAGE ( .BOTH. , #451 ) ;
#230 = ORIENTED_EDGE ( 'NONE', *, *, #466, .F. ) ;
#231 = ORIENTED_EDGE ( 'NONE', *, *, #466, .T. ) ;
#232 = FACE_OUTER_BOUND ( 'NONE', #856, .T. ) ;
#233 = LINE ( 'NONE', #840, #1217 ) ;
#234 =( REPRESENTATION_RELATIONSHIP ('NONE','NONE', #599, #431 ) REPRESENTATION_RELATIONSHIP_WITH_TRANSFORMATION ( #764 )SHAPE_REPRESENTATION_RELATIONSHIP( ) );
#235 = DIRECTION ( 'NONE',  ( 1.000000000000000000, 0.000000000000000000, -0.000000000000000000 ) ) ;
#236 = EDGE_LOOP ( 'NONE', ( #559, #1030, #977, #1283 ) ) ;
#237 = VERTEX_POINT ( 'NONE', #1124 ) ;
#238 = DIRECTION ( 'NONE',  ( 0.000000000000000000, 0.000000000000000000, -1.000000000000000000 ) ) ;
#239 = AXIS2_PLACEMENT_3D ( 'NONE', #1057, #235, #349 ) ;
#240 = VECTOR ( 'NONE', #819, 999.9999999999998863 ) ;
#241 = ORIENTED_EDGE ( 'NONE', *, *, #1219, .T. ) ;
#242 = AXIS2_PLACEMENT_3D ( 'NONE', #530, #90, #1163 ) ;
#243 = EDGE_LOOP ( 'NONE', ( #685, #927, #886, #757 ) ) ;
#244 = CARTESIAN_POINT ( 'NONE',  ( 16.47244390456740604, 4.229999999999999538, 1.069999999999999840 ) ) ;
#245 = ADVANCED_FACE ( 'NONE', ( #67 ), #1360, .T. ) ;
#246 = CARTESIAN_POINT ( 'NONE',  ( -1.950000000000000400, 3.199999999999999734, -2.000000000000000000 ) ) ;
#247 = VERTEX_POINT ( 'NONE', #727 ) ;
#248 = EDGE_CURVE ( 'NONE', #772, #382, #1353, .T. ) ;
#249 = ORIENTED_EDGE ( 'NONE', *, *, #557, .T. ) ;
#250 = CARTESIAN_POINT ( 'NONE',  ( 16.47244390456740604, 3.729999999999999094, 1.069999999999999840 ) ) ;
#251 = LINE ( 'NONE', #465, #369 ) ;
#252 = ORIENTED_EDGE ( 'NONE', *, *, #1021, .F. ) ;
#253 = VERTEX_POINT ( 'NONE', #1245 ) ;
#254 = APPLICATION_CONTEXT ( 'automotive_design' ) ;
#255 = CARTESIAN_POINT ( 'NONE',  ( -1.410000000000001474, 3.729999999999999094, 0.5699999999999997291 ) ) ;
#256 = EDGE_LOOP ( 'NONE', ( #1326, #43, #666, #561 ) ) ;
#257 = VECTOR ( 'NONE', #1071, 1000.000000000000000 ) ;
#258 = VECTOR ( 'NONE', #720, 1000.000000000000000 ) ;
#259 = ORIENTED_EDGE ( 'NONE', *, *, #1384, .F. ) ;
#260 = ADVANCED_FACE ( 'NONE', ( #622 ), #1145, .F. ) ;
#261 = DIRECTION ( 'NONE',  ( -0.000000000000000000, -0.000000000000000000, 1.000000000000000000 ) ) ;
#262 = FACE_OUTER_BOUND ( 'NONE', #1316, .T. ) ;
#263 = VERTEX_POINT ( 'NONE', #1254 ) ;
#264 = EDGE_LOOP ( 'NONE', ( #1306, #1213, #329, #734 ) ) ;
#265 = CARTESIAN_POINT ( 'NONE',  ( 0.000000000000000000, 3.199999999999999734, 0.000000000000000000 ) ) ;
#266 = ADVANCED_FACE ( 'NONE', ( #928 ), #195, .T. ) ;
#267 = DIRECTION ( 'NONE',  ( 0.000000000000000000, 1.000000000000000000, 0.000000000000000000 ) ) ;
#268 = DIRECTION ( 'NONE',  ( -1.000000000000000000, 0.000000000000000000, 0.000000000000000000 ) ) ;
#269 = EDGE_CURVE ( 'NONE', #964, #891, #1378, .T. ) ;
#270 = DIRECTION ( 'NONE',  ( 0.000000000000000000, 0.000000000000000000, 1.000000000000000000 ) ) ;
#271 = ORIENTED_EDGE ( 'NONE', *, *, #337, .F. ) ;
#272 = CARTESIAN_POINT ( 'NONE',  ( 4.529999999999999361, 0.4999999999999995559, -3.199999999999931344 ) ) ;
#273 = CARTESIAN_POINT ( 'NONE',  ( 4.530000000000002025, -4.336808689942017736E-16, 0.5699999999999985079 ) ) ;
#274 = DIRECTION ( 'NONE',  ( -1.000000000000000000, -0.000000000000000000, -0.000000000000000000 ) ) ;
#275 = EDGE_CURVE ( 'NONE', #323, #160, #1028, .T. ) ;
#276 = CARTESIAN_POINT ( 'NONE',  ( 4.529999999999999361, 3.199999999999999734, -2.000000000000000000 ) ) ;
#277 = CARTESIAN_POINT ( 'NONE',  ( 0.000000000000000000, 0.000000000000000000, 0.000000000000000000 ) ) ;
#278 = VECTOR ( 'NONE', #344, 1000.000000000000000 ) ;
#279 = ORIENTED_EDGE ( 'NONE', *, *, #337, .T. ) ;
#280 = VECTOR ( 'NONE', #816, 1000.000000000000000 ) ;
#281 = PLANE ( 'NONE',  #1009 ) ;
#282 =( GEOMETRIC_REPRESENTATION_CONTEXT ( 3 ) GLOBAL_UNCERTAINTY_ASSIGNED_CONTEXT ( ( #752 ) ) GLOBAL_UNIT_ASSIGNED_CONTEXT ( ( #798, #1112, #372 ) ) REPRESENTATION_CONTEXT ( 'NONE', 'WORKASPACE' ) );
#283 = VECTOR ( 'NONE', #166, 1000.000000000000000 ) ;
#284 = LINE ( 'NONE', #817, #679 ) ;
#285 = LINE ( 'NONE', #1361, #613 ) ;
#286 = DIRECTION ( 'NONE',  ( -0.000000000000000000, 0.000000000000000000, 1.000000000000000000 ) ) ;
#287 = DIRECTION ( 'NONE',  ( -0.000000000000000000, 0.7071067811865472397, 0.7071067811865479058 ) ) ;
#288 = EDGE_CURVE ( 'NONE', #996, #304, #412, .T. ) ;
#289 = VERTEX_POINT ( 'NONE', #273 ) ;
#290 = EDGE_CURVE ( 'NONE', #169, #237, #385, .T. ) ;
#291 = CARTESIAN_POINT ( 'NONE',  ( 0.000000000000000000, -4.336808689942017736E-16, 0.000000000000000000 ) ) ;
#292 = CARTESIAN_POINT ( 'NONE',  ( -1.410000000000000586, 5.370000000000000107, 14.21313064513634394 ) ) ;
#293 = FACE_OUTER_BOUND ( 'NONE', #1096, .T. ) ;
#294 = DIRECTION ( 'NONE',  ( -1.000000000000000000, -0.000000000000000000, -0.000000000000000000 ) ) ;
#295 = PLANE ( 'NONE',  #1037 ) ;
#296 = LINE ( 'NONE', #714, #874 ) ;
#297 = ORIENTED_EDGE ( 'NONE', *, *, #810, .F. ) ;
#298 = EDGE_LOOP ( 'NONE', ( #214, #578, #1076, #23 ) ) ;
#299 = EDGE_CURVE ( 'NONE', #605, #1093, #94, .T. ) ;
#300 = DIRECTION ( 'NONE',  ( 0.000000000000000000, -1.000000000000000000, -5.225070710773516221E-17 ) ) ;
#301 = DIRECTION ( 'NONE',  ( 0.000000000000000000, 1.000000000000000000, 9.061988307341512584E-16 ) ) ;
#302 = PLANE ( 'NONE',  #219 ) ;
#303 = LINE ( 'NONE', #1367, #660 ) ;
#304 = VERTEX_POINT ( 'NONE', #1263 ) ;
#305 = VECTOR ( 'NONE', #196, 1000.000000000000000 ) ;
#306 = VECTOR ( 'NONE', #1296, 1000.000000000000000 ) ;
#307 = ADVANCED_FACE ( 'NONE', ( #615 ), #1039, .F. ) ;
#308 = DIRECTION ( 'NONE',  ( 1.000000000000000000, 0.000000000000000000, -0.000000000000000000 ) ) ;
#309 = CARTESIAN_POINT ( 'NONE',  ( 5.909999999999998366, 3.199999999999999734, 4.799999999999999822 ) ) ;
#310 = AXIS2_PLACEMENT_3D ( 'NONE', #958, #124, #945 ) ;
#311 = ORIENTED_EDGE ( 'NONE', *, *, #934, .T. ) ;
#312 = CARTESIAN_POINT ( 'NONE',  ( 16.47244390456740604, 5.369999999999999218, 1.069999999999999840 ) ) ;
#313 = VECTOR ( 'NONE', #1232, 1000.000000000000000 ) ;
#314 = EDGE_CURVE ( 'NONE', #263, #374, #202, .T. ) ;
#315 = DIRECTION ( 'NONE',  ( -1.000000000000000000, -0.000000000000000000, -0.000000000000000000 ) ) ;
#316 = ORIENTED_EDGE ( 'NONE', *, *, #1308, .F. ) ;
#317 = CARTESIAN_POINT ( 'NONE',  ( -1.950000000000000400, -4.336808689942017736E-16, -2.000000000000000000 ) ) ;
#318 = CARTESIAN_POINT ( 'NONE',  ( 4.530000000000002025, 3.199999999999999734, -0.5699999999999998401 ) ) ;
#319 = CARTESIAN_POINT ( 'NONE',  ( -0.5700000000000010614, 0.000000000000000000, -2.000000000000000000 ) ) ;
#320 = CARTESIAN_POINT ( 'NONE',  ( 16.47244390456740604, -2.913130645136343677, 0.5699999999999991740 ) ) ;
#321 = PLANE ( 'NONE',  #239 ) ;
#322 = CARTESIAN_POINT ( 'NONE',  ( 0.5699999999999985079, -4.336808689942017736E-16, 0.5699999999999985079 ) ) ;
#323 = VERTEX_POINT ( 'NONE', #1347 ) ;
#324 = ORIENTED_EDGE ( 'NONE', *, *, #395, .F. ) ;
#325 = CARTESIAN_POINT ( 'NONE',  ( -2.550000000000002931, 3.729999999999999094, 1.069999999999999840 ) ) ;
#326 = FACE_OUTER_BOUND ( 'NONE', #342, .T. ) ;
#327 = DIRECTION ( 'NONE',  ( 0.000000000000000000, 0.000000000000000000, 1.000000000000000000 ) ) ;
#328 = EDGE_CURVE ( 'NONE', #1101, #253, #21, .T. ) ;
#329 = ORIENTED_EDGE ( 'NONE', *, *, #288, .T. ) ;
#330 = DIRECTION ( 'NONE',  ( 0.000000000000000000, 1.000000000000000000, 0.000000000000000000 ) ) ;
#331 = CARTESIAN_POINT ( 'NONE',  ( 5.909999999999998366, 3.199999999999999734, -2.000000000000000000 ) ) ;
#332 = DIRECTION ( 'NONE',  ( 0.000000000000000000, 0.000000000000000000, 1.000000000000000000 ) ) ;
#333 = VECTOR ( 'NONE', #340, 1000.000000000000000 ) ;
#334 = VECTOR ( 'NONE', #618, 1000.000000000000000 ) ;
#335 = MECHANICAL_DESIGN_GEOMETRIC_PRESENTATION_REPRESENTATION (  '', ( #919 ), #282 ) ;
#336 = ORIENTED_EDGE ( 'NONE', *, *, #839, .F. ) ;
#337 = EDGE_CURVE ( 'NONE', #571, #147, #959, .T. ) ;
#338 = ORIENTED_EDGE ( 'NONE', *, *, #557, .F. ) ;
#339 = DIRECTION ( 'NONE',  ( -1.000000000000000000, -0.000000000000000000, -0.000000000000000000 ) ) ;
#340 = DIRECTION ( 'NONE',  ( 0.000000000000000000, 0.000000000000000000, 1.000000000000000000 ) ) ;
#341 = ORIENTED_EDGE ( 'NONE', *, *, #384, .T. ) ;
#342 = EDGE_LOOP ( 'NONE', ( #790, #259, #899, #715 ) ) ;
#343 = EDGE_CURVE ( 'NONE', #33, #263, #233, .T. ) ;
#344 = DIRECTION ( 'NONE',  ( 1.000000000000000000, 0.000000000000000000, 0.000000000000000000 ) ) ;
#345 = ORIENTED_EDGE ( 'NONE', *, *, #384, .F. ) ;
#346 = ORIENTED_EDGE ( 'NONE', *, *, #627, .T. ) ;
#347 = PRODUCT_CONTEXT ( 'NONE', #42, 'mechanical' ) ;
#348 = ADVANCED_FACE ( 'NONE', ( #1397 ), #1281, .F. ) ;
#349 = DIRECTION ( 'NONE',  ( 0.000000000000000000, 0.000000000000000000, 1.000000000000000000 ) ) ;
#350 = AXIS2_PLACEMENT_3D ( 'NONE', #801, #1271, #308 ) ;
#351 = STYLED_ITEM ( 'NONE', ( #1017 ), #771 ) ;
#352 = ORIENTED_EDGE ( 'NONE', *, *, #690, .T. ) ;
#353 = VECTOR ( 'NONE', #806, 1000.000000000000000 ) ;
#354 = UNCERTAINTY_MEASURE_WITH_UNIT (LENGTH_MEASURE( 1.000000000000000082E-05 ), #807, 'distance_accuracy_value', 'NONE');
#355 = ORIENTED_EDGE ( 'NONE', *, *, #1384, .T. ) ;
#356 = CARTESIAN_POINT ( 'NONE',  ( 3.389999999999999680, 3.199999999999999734, 0.5699999999999985079 ) ) ;
#357 = CARTESIAN_POINT ( 'NONE',  ( -0.5700000000000010614, 9.400000000000000355, -2.400367257692822331 ) ) ;
#358 = ORIENTED_EDGE ( 'NONE', *, *, #1285, .T. ) ;
#359 = CONTEXT_DEPENDENT_SHAPE_REPRESENTATION ( #1382, #674 ) ;
#360 = ORIENTED_EDGE ( 'NONE', *, *, #57, .F. ) ;
#361 =( NAMED_UNIT ( * ) PLANE_ANGLE_UNIT ( ) SI_UNIT ( $, .RADIAN. ) );
#362 = LINE ( 'NONE', #1333, #524 ) ;
#363 = VERTEX_POINT ( 'NONE', #211 ) ;
#364 = EDGE_CURVE ( 'NONE', #1191, #1101, #126, .T. ) ;
#365 = ORIENTED_EDGE ( 'NONE', *, *, #248, .T. ) ;
#366 = EDGE_CURVE ( 'NONE', #1394, #17, #859, .T. ) ;
#367 = FACE_OUTER_BOUND ( 'NONE', #123, .T. ) ;
#368 = CARTESIAN_POINT ( 'NONE',  ( 16.41000000000000014, 9.400000000000000355, -2.400367257692822331 ) ) ;
#369 = VECTOR ( 'NONE', #1348, 1000.000000000000000 ) ;
#370 = ORIENTED_EDGE ( 'NONE', *, *, #275, .F. ) ;
#371 = VECTOR ( 'NONE', #1253, 1000.000000000000227 ) ;
#372 =( NAMED_UNIT ( * ) SI_UNIT ( $, .STERADIAN. ) SOLID_ANGLE_UNIT ( ) );
#373 = MECHANICAL_DESIGN_GEOMETRIC_PRESENTATION_REPRESENTATION (  '', ( #482 ), #172 ) ;
#374 = VERTEX_POINT ( 'NONE', #331 ) ;
#375 = ADVANCED_FACE ( 'NONE', ( #547 ), #438, .T. ) ;
#376 = FACE_BOUND ( 'NONE', #1061, .T. ) ;
#377 = CARTESIAN_POINT ( 'NONE',  ( 4.529999999999999361, 8.300000000000000711, -3.699999999999925127 ) ) ;
#378 = DIRECTION ( 'NONE',  ( 1.000000000000000000, -0.000000000000000000, -0.000000000000000000 ) ) ;
#379 = CARTESIAN_POINT ( 'NONE',  ( 16.41000000000000014, 8.300000000000000711, -3.699999999999925127 ) ) ;
#380 = UNCERTAINTY_MEASURE_WITH_UNIT (LENGTH_MEASURE( 1.000000000000000082E-05 ), #56, 'distance_accuracy_value', 'NONE');
#381 = CARTESIAN_POINT ( 'NONE',  ( 5.909999999999998366, 3.199999999999999734, -2.000000000000000000 ) ) ;
#382 = VERTEX_POINT ( 'NONE', #1055 ) ;
#383 = DIRECTION ( 'NONE',  ( 0.000000000000000000, -1.000000000000000000, 0.000000000000000000 ) ) ;
#384 = EDGE_CURVE ( 'NONE', #382, #933, #1181, .T. ) ;
#385 = LINE ( 'NONE', #506, #440 ) ;
#386 = FACE_OUTER_BOUND ( 'NONE', #37, .T. ) ;
#387 = CARTESIAN_POINT ( 'NONE',  ( -1.529388827599034606, 4.349388827599033114, 14.54114875309984534 ) ) ;
#388 = CARTESIAN_POINT ( 'NONE',  ( 4.530000000000002025, -4.336808689942017736E-16, 0.5699999999999985079 ) ) ;
#389 = ORIENTED_EDGE ( 'NONE', *, *, #1155, .F. ) ;
#390 = CARTESIAN_POINT ( 'NONE',  ( 4.529999999999999361, 0.000000000000000000, -2.000000000000000000 ) ) ;
#391 = SURFACE_STYLE_USAGE ( .BOTH. , #188 ) ;
#392 = DIRECTION ( 'NONE',  ( 0.000000000000000000, 3.804218149071946023E-16, 1.000000000000000000 ) ) ;
#393 = EDGE_CURVE ( 'NONE', #538, #571, #226, .T. ) ;
#394 = CARTESIAN_POINT ( 'NONE',  ( -0.5700000000000010614, 0.4999999999999995559, -3.199999999999931344 ) ) ;
#395 = EDGE_CURVE ( 'NONE', #405, #1279, #109, .T. ) ;
#396 = VECTOR ( 'NONE', #31, 1000.000000000000000 ) ;
#397 = ORIENTED_EDGE ( 'NONE', *, *, #1239, .F. ) ;
#398 = VECTOR ( 'NONE', #212, 1000.000000000000000 ) ;
#399 = CARTESIAN_POINT ( 'NONE',  ( -0.5700000000000010614, 7.488675134594828364, -3.699999999999922018 ) ) ;
#400 = DIRECTION ( 'NONE',  ( -0.000000000000000000, -0.000000000000000000, 1.000000000000000000 ) ) ;
#401 = DIRECTION ( 'NONE',  ( -0.000000000000000000, -1.000000000000000000, -5.225070710773516221E-17 ) ) ;
#402 = CARTESIAN_POINT ( 'NONE',  ( 0.5699999999999985079, 3.199999999999999734, -0.5699999999999998401 ) ) ;
#403 = ITEM_DEFINED_TRANSFORMATION ( 'NONE', 'NONE', #61,  #1392 ) ;
#404 = DIRECTION ( 'NONE',  ( 0.000000000000000000, 0.000000000000000000, -1.000000000000000000 ) ) ;
#405 = VERTEX_POINT ( 'NONE', #1113 ) ;
#406 = CARTESIAN_POINT ( 'NONE',  ( 4.529999999999999361, -4.336808689942017736E-16, -2.699999999999931788 ) ) ;
#407 = DIRECTION ( 'NONE',  ( -1.000000000000000000, -0.000000000000000000, -0.000000000000000000 ) ) ;
#408 = CONTEXT_DEPENDENT_SHAPE_REPRESENTATION ( #234, #884 ) ;
#409 = LINE ( 'NONE', #1150, #1341 ) ;
#410 = EDGE_LOOP ( 'NONE', ( #230, #178, #311, #461 ) ) ;
#411 = EDGE_CURVE ( 'NONE', #5, #374, #898, .T. ) ;
#412 = LINE ( 'NONE', #1236, #614 ) ;
#413 = CARTESIAN_POINT ( 'NONE',  ( 0.5699999999999985079, -4.336808689942017736E-16, -0.5699999999999998401 ) ) ;
#414 = DIRECTION ( 'NONE',  ( 0.000000000000000000, -3.804218149071946023E-16, -1.000000000000000000 ) ) ;
#415 = FACE_OUTER_BOUND ( 'NONE', #956, .T. ) ;
#416 = ORIENTED_EDGE ( 'NONE', *, *, #411, .T. ) ;
#417 = AXIS2_PLACEMENT_3D ( 'NONE', #1195, #238, #1088 ) ;
#418 = EDGE_CURVE ( 'NONE', #247, #169, #705, .T. ) ;
#419 = MECHANICAL_DESIGN_GEOMETRIC_PRESENTATION_REPRESENTATION (  '', ( #351 ), #1222 ) ;
#420 = DIRECTION ( 'NONE',  ( 1.000000000000000000, -0.000000000000000000, -0.000000000000000000 ) ) ;
#421 = FACE_OUTER_BOUND ( 'NONE', #600, .T. ) ;
#422 = LINE ( 'NONE', #320, #334 ) ;
#423 = DIRECTION ( 'NONE',  ( 0.000000000000000000, 1.000000000000000000, -3.741739237146844007E-15 ) ) ;
#424 = VERTEX_POINT ( 'NONE', #1241 ) ;
#425 = CARTESIAN_POINT ( 'NONE',  ( 16.47244390456740604, 4.229999999999999538, 14.21313064513634394 ) ) ;
#426 = LINE ( 'NONE', #96, #1362 ) ;
#427 = EDGE_CURVE ( 'NONE', #169, #1201, #1216, .T. ) ;
#428 = LINE ( 'NONE', #695, #396 ) ;
#429 = ORIENTED_EDGE ( 'NONE', *, *, #602, .T. ) ;
#430 = EDGE_LOOP ( 'NONE', ( #1121, #69, #671, #358 ) ) ;
#431 = SHAPE_REPRESENTATION ( 'pin^BxPS-VH ass', ( #1392 ), #968 ) ;
#432 = DIRECTION ( 'NONE',  ( 0.000000000000000000, -1.000000000000000000, 0.000000000000000000 ) ) ;
#433 = DIRECTION ( 'NONE',  ( 0.000000000000000000, 0.9396926207859080948, 0.3420201433256694346 ) ) ;
#434 = ADVANCED_FACE ( 'NONE', ( #628 ), #610, .T. ) ;
#435 = LINE ( 'NONE', #1299, #1220 ) ;
#436 = EDGE_LOOP ( 'NONE', ( #920, #46, #1186, #1259 ) ) ;
#437 = ORIENTED_EDGE ( 'NONE', *, *, #619, .T. ) ;
#438 = PLANE ( 'NONE',  #1059 ) ;
#439 = CARTESIAN_POINT ( 'NONE',  ( -1.950000000000000400, 3.199999999999999734, 4.799999999999999822 ) ) ;
#440 = VECTOR ( 'NONE', #1371, 1000.000000000000000 ) ;
#441 = AXIS2_PLACEMENT_3D ( 'NONE', #105, #949, #931 ) ;
#442 = VERTEX_POINT ( 'NONE', #932 ) ;
#443 = EDGE_CURVE ( 'NONE', #495, #154, #296, .T. ) ;
#444 = ORIENTED_EDGE ( 'NONE', *, *, #890, .F. ) ;
#445 = DIRECTION ( 'NONE',  ( 0.000000000000000000, 0.000000000000000000, 1.000000000000000000 ) ) ;
#446 = FACE_OUTER_BOUND ( 'NONE', #1100, .T. ) ;
#447 = CARTESIAN_POINT ( 'NONE',  ( -1.950000000000000400, -4.336808689942017736E-16, 4.799999999999999822 ) ) ;
#448 = ORIENTED_EDGE ( 'NONE', *, *, #198, .F. ) ;
#449 = EDGE_LOOP ( 'NONE', ( #972, #1383, #880, #28 ) ) ;
#450 = ADVANCED_FACE ( 'NONE', ( #1268 ), #1081, .T. ) ;
#451 = SURFACE_SIDE_STYLE ('',( #963 ) ) ;
#452 = VERTEX_POINT ( 'NONE', #1196 ) ;
#453 = MANIFOLD_SOLID_BREP ( 'Boss-Extrude5', #791 ) ;
#454 = ORIENTED_EDGE ( 'NONE', *, *, #775, .F. ) ;
#455 = EDGE_CURVE ( 'NONE', #463, #405, #554, .T. ) ;
#456 = DIRECTION ( 'NONE',  ( 0.000000000000000000, 1.000000000000000000, -3.804218149071946023E-16 ) ) ;
#457 = VECTOR ( 'NONE', #976, 1000.000000000000000 ) ;
#458 = VECTOR ( 'NONE', #1343, 1000.000000000000000 ) ;
#459 = CARTESIAN_POINT ( 'NONE',  ( -0.5700000000000010614, 0.000000000000000000, 0.000000000000000000 ) ) ;
#460 = AXIS2_PLACEMENT_3D ( 'NONE', #865, #1193, #975 ) ;
#461 = ORIENTED_EDGE ( 'NONE', *, *, #954, .T. ) ;
#462 = AXIS2_PLACEMENT_3D ( 'NONE', #1133, #718, #1023 ) ;
#463 = VERTEX_POINT ( 'NONE', #27 ) ;
#464 = APPLICATION_PROTOCOL_DEFINITION ( 'draft international standard', 'automotive_design', 1998, #254 ) ;
#465 = CARTESIAN_POINT ( 'NONE',  ( -0.5700000000000010614, 8.300000000000000711, -3.699999999999925127 ) ) ;
#466 = EDGE_CURVE ( 'NONE', #253, #363, #139, .T. ) ;
#467 = ORIENTED_EDGE ( 'NONE', *, *, #1021, .T. ) ;
#468 = EDGE_CURVE ( 'NONE', #1314, #838, #871, .T. ) ;
#469 = ORIENTED_EDGE ( 'NONE', *, *, #627, .F. ) ;
#470 = FACE_BOUND ( 'NONE', #672, .T. ) ;
#471 = PLANE ( 'NONE',  #103 ) ;
#472 = PRODUCT_RELATED_PRODUCT_CATEGORY ( 'part', '', ( #129 ) ) ;
#473 = EDGE_LOOP ( 'NONE', ( #474, #86, #444, #698 ) ) ;
#474 = ORIENTED_EDGE ( 'NONE', *, *, #1239, .T. ) ;
#475 = APPLICATION_PROTOCOL_DEFINITION ( 'draft international standard', 'automotive_design', 1998, #42 ) ;
#476 = LINE ( 'NONE', #800, #104 ) ;
#477 = DIRECTION ( 'NONE',  ( 1.000000000000000000, 0.000000000000000000, 0.000000000000000000 ) ) ;
#478 = DIRECTION ( 'NONE',  ( 0.000000000000000000, -0.3420201433256688794, -0.9396926207859084279 ) ) ;
#479 = AXIS2_PLACEMENT_3D ( 'NONE', #940, #107, #1062 ) ;
#480 = VERTEX_POINT ( 'NONE', #955 ) ;
#481 = AXIS2_PLACEMENT_3D ( 'NONE', #681, #171, #1358 ) ;
#482 = STYLED_ITEM ( 'NONE', ( #741 ), #1287 ) ;
#483 = EDGE_LOOP ( 'NONE', ( #345, #1330, #19, #621, #830, #555, #397, #316 ) ) ;
#484 = EDGE_CURVE ( 'NONE', #1045, #845, #435, .T. ) ;
#485 = LINE ( 'NONE', #48, #1007 ) ;
#486 = LINE ( 'NONE', #1355, #1247 ) ;
#487 = FACE_OUTER_BOUND ( 'NONE', #430, .T. ) ;
#488 = ORIENTED_EDGE ( 'NONE', *, *, #916, .T. ) ;
#489 = ADVANCED_FACE ( 'NONE', ( #1075 ), #558, .F. ) ;
#490 = CARTESIAN_POINT ( 'NONE',  ( -1.410000000000001474, 4.229999999999999538, 1.069999999999999840 ) ) ;
#491 = LINE ( 'NONE', #406, #353 ) ;
#492 = LINE ( 'NONE', #841, #788 ) ;
#493 = LINE ( 'NONE', #1140, #170 ) ;
#494 = APPLICATION_CONTEXT ( 'automotive_design' ) ;
#495 = VERTEX_POINT ( 'NONE', #1257 ) ;
#496 = ORIENTED_EDGE ( 'NONE', *, *, #3, .T. ) ;
#497 = DIRECTION ( 'NONE',  ( 1.000000000000000000, -0.000000000000000000, 0.000000000000000000 ) ) ;
#498 = DIRECTION ( 'NONE',  ( 0.000000000000000000, -0.9396926207859080948, -0.3420201433256694346 ) ) ;
#499 = ORIENTED_EDGE ( 'NONE', *, *, #455, .F. ) ;
#500 = DIRECTION ( 'NONE',  ( 0.000000000000000000, 1.000000000000000000, 0.000000000000000000 ) ) ;
#501 = PLANE ( 'NONE',  #1321 ) ;
#502 = PRESENTATION_LAYER_ASSIGNMENT (  '', '', ( #11 ) ) ;
#503 = EDGE_LOOP ( 'NONE', ( #135, #360, #346, #1165 ) ) ;
#504 = AXIS2_PLACEMENT_3D ( 'NONE', #808, #1349, #606 ) ;
#505 = VECTOR ( 'NONE', #213, 999.9999999999998863 ) ;
#506 = CARTESIAN_POINT ( 'NONE',  ( 16.47244390456740604, 4.229999999999999538, 14.21313064513634394 ) ) ;
#507 = LINE ( 'NONE', #923, #1126 ) ;
#508 = CARTESIAN_POINT ( 'NONE',  ( 3.389999999999999680, -4.336808689942017736E-16, -0.5699999999999998401 ) ) ;
#509 = ADVANCED_FACE ( 'NONE', ( #1050 ), #321, .T. ) ;
#510 = CARTESIAN_POINT ( 'NONE',  ( -1.410000000000001474, 3.729999999999999094, 1.069999999999999840 ) ) ;
#511 = EDGE_LOOP ( 'NONE', ( #416, #1013, #1098, #1351 ) ) ;
#512 = LINE ( 'NONE', #913, #1063 ) ;
#513 = LINE ( 'NONE', #413, #583 ) ;
#514 = LINE ( 'NONE', #641, #941 ) ;
#515 = PLANE ( 'NONE',  #441 ) ;
#516 = ORIENTED_EDGE ( 'NONE', *, *, #395, .T. ) ;
#517 = DIRECTION ( 'NONE',  ( -1.000000000000000000, -0.000000000000000000, -0.000000000000000000 ) ) ;
#518 = CARTESIAN_POINT ( 'NONE',  ( 0.000000000000000000, 0.000000000000000000, 0.000000000000000000 ) ) ;
#519 = CARTESIAN_POINT ( 'NONE',  ( 16.41000000000000014, 9.400000000000000355, -3.299632742307101463 ) ) ;
#520 = DIRECTION ( 'NONE',  ( 0.000000000000000000, 8.874779038080531214E-17, -1.000000000000000000 ) ) ;
#521 = LINE ( 'NONE', #736, #699 ) ;
#522 = LINE ( 'NONE', #938, #768 ) ;
#523 = VERTEX_POINT ( 'NONE', #1171 ) ;
#524 = VECTOR ( 'NONE', #1110, 1000.000000000000000 ) ;
#525 = EDGE_CURVE ( 'NONE', #729, #649, #536, .T. ) ;
#526 = PRESENTATION_LAYER_ASSIGNMENT (  '', '', ( #351 ) ) ;
#527 = VECTOR ( 'NONE', #1187, 1000.000000000000000 ) ;
#528 = AXIS2_PLACEMENT_3D ( 'NONE', #510, #721, #199 ) ;
#529 = DIRECTION ( 'NONE',  ( 0.000000000000000000, -0.000000000000000000, -1.000000000000000000 ) ) ;
#530 = CARTESIAN_POINT ( 'NONE',  ( 3.389999999999999680, -4.336808689942017736E-16, -0.5699999999999998401 ) ) ;
#531 = ORIENTED_EDGE ( 'NONE', *, *, #1285, .F. ) ;
#532 = FILL_AREA_STYLE ('',( #1370 ) ) ;
#533 = ADVANCED_FACE ( 'NONE', ( #648 ), #642, .T. ) ;
#534 = CARTESIAN_POINT ( 'NONE',  ( -0.5700000000000010614, 8.300000000000000711, -1.999999999999999556 ) ) ;
#535 = CARTESIAN_POINT ( 'NONE',  ( 16.47244390456740604, 3.729999999999999094, 0.5699999999999997291 ) ) ;
#536 = LINE ( 'NONE', #1293, #1103 ) ;
#537 = ORIENTED_EDGE ( 'NONE', *, *, #926, .F. ) ;
#538 = VERTEX_POINT ( 'NONE', #26 ) ;
#539 = FACE_OUTER_BOUND ( 'NONE', #256, .T. ) ;
#540 = FACE_OUTER_BOUND ( 'NONE', #1226, .T. ) ;
#541 = ADVANCED_FACE ( 'NONE', ( #658 ), #2, .F. ) ;
#542 = DIRECTION ( 'NONE',  ( 0.000000000000000000, 0.3420201433256687684, -0.9396926207859084279 ) ) ;
#543 = ORIENTED_EDGE ( 'NONE', *, *, #418, .F. ) ;
#544 = ORIENTED_EDGE ( 'NONE', *, *, #159, .T. ) ;
#545 = CARTESIAN_POINT ( 'NONE',  ( 0.000000000000000000, 0.000000000000000000, 0.000000000000000000 ) ) ;
#546 = VECTOR ( 'NONE', #401, 1000.000000000000000 ) ;
#547 = FACE_OUTER_BOUND ( 'NONE', #889, .T. ) ;
#548 = CARTESIAN_POINT ( 'NONE',  ( 3.389999999999999680, -4.336808689942017736E-16, 0.5699999999999985079 ) ) ;
#549 = VECTOR ( 'NONE', #805, 1000.000000000000000 ) ;
#550 = EDGE_CURVE ( 'NONE', #1201, #424, #852, .T. ) ;
#551 = VERTEX_POINT ( 'NONE', #552 ) ;
#552 = CARTESIAN_POINT ( 'NONE',  ( -2.299999999999999822, 4.480000000000003091, 14.90000000000000036 ) ) ;
#553 = ADVANCED_BREP_SHAPE_REPRESENTATION ( '', ( #453, #1392 ), #700 ) ;
#554 = LINE ( 'NONE', #357, #457 ) ;
#555 = ORIENTED_EDGE ( 'NONE', *, *, #980, .T. ) ;
#556 = ORIENTED_EDGE ( 'NONE', *, *, #49, .T. ) ;
#557 = EDGE_CURVE ( 'NONE', #480, #1114, #970, .T. ) ;
#558 = PLANE ( 'NONE',  #984 ) ;
#559 = ORIENTED_EDGE ( 'NONE', *, *, #1014, .T. ) ;
#560 = SURFACE_STYLE_FILL_AREA ( #141 ) ;
#561 = ORIENTED_EDGE ( 'NONE', *, *, #1104, .F. ) ;
#562 = EDGE_CURVE ( 'NONE', #1093, #1045, #750, .T. ) ;
#563 = CARTESIAN_POINT ( 'NONE',  ( -1.950000000000000400, -4.336808689942017736E-16, -2.000000000000000000 ) ) ;
#564 = AXIS2_PLACEMENT_3D ( 'NONE', #291, #383, #588 ) ;
#565 = ORIENTED_EDGE ( 'NONE', *, *, #980, .F. ) ;
#566 = AXIS2_PLACEMENT_3D ( 'NONE', #292, #710, #1139 ) ;
#567 = FILL_AREA_STYLE_COLOUR ( '', #1177 ) ;
#568 = EDGE_LOOP ( 'NONE', ( #951, #156, #1295, #982 ) ) ;
#569 = ADVANCED_FACE ( 'NONE', ( #540 ), #961, .T. ) ;
#570 = ORIENTED_EDGE ( 'NONE', *, *, #550, .F. ) ;
#571 = VERTEX_POINT ( 'NONE', #138 ) ;
#572 = PRODUCT_CONTEXT ( 'NONE', #494, 'mechanical' ) ;
#573 = CARTESIAN_POINT ( 'NONE',  ( 5.909999999999998366, -4.336808689942017736E-16, 4.799999999999999822 ) ) ;
#574 = CARTESIAN_POINT ( 'NONE',  ( 16.41000000000000014, 0.000000000000000000, -2.000000000000000000 ) ) ;
#575 = CARTESIAN_POINT ( 'NONE',  ( 4.530000000000002025, -4.336808689942017736E-16, -0.5699999999999998401 ) ) ;
#576 = EDGE_CURVE ( 'NONE', #1093, #1179, #653, .T. ) ;
#577 = ORIENTED_EDGE ( 'NONE', *, *, #1219, .F. ) ;
#578 = ORIENTED_EDGE ( 'NONE', *, *, #185, .F. ) ;
#579 = LINE ( 'NONE', #1125, #636 ) ;
#580 = LINE ( 'NONE', #896, #458 ) ;
#581 = VECTOR ( 'NONE', #45, 1000.000000000000000 ) ;
#582 = LINE ( 'NONE', #1019, #313 ) ;
#583 = VECTOR ( 'NONE', #1272, 1000.000000000000000 ) ;
#584 = ADVANCED_FACE ( 'NONE', ( #760 ), #1077, .F. ) ;
#585 = DIRECTION ( 'NONE',  ( 1.000000000000000000, -0.000000000000000000, -0.000000000000000000 ) ) ;
#586 = AXIS2_PLACEMENT_3D ( 'NONE', #1356, #1267, #608 ) ;
#587 = VERTEX_POINT ( 'NONE', #134 ) ;
#588 = DIRECTION ( 'NONE',  ( 0.000000000000000000, -0.000000000000000000, -1.000000000000000000 ) ) ;
#589 = DIRECTION ( 'NONE',  ( -0.000000000000000000, -0.000000000000000000, 1.000000000000000000 ) ) ;
#590 = LINE ( 'NONE', #1379, #305 ) ;
#591 = DIRECTION ( 'NONE',  ( 0.000000000000000000, -1.000000000000000000, 0.000000000000000000 ) ) ;
#592 = ORIENTED_EDGE ( 'NONE', *, *, #228, .T. ) ;
#593 = ORIENTED_EDGE ( 'NONE', *, *, #411, .F. ) ;
#594 = CARTESIAN_POINT ( 'NONE',  ( -0.5700000000000036149, -4.336808689942017736E-16, -0.5699999999999998401 ) ) ;
#595 = CARTESIAN_POINT ( 'NONE',  ( -1.660000000000001696, -3.599999999999999645, -0.3200000000000003397 ) ) ;
#596 = CARTESIAN_POINT ( 'NONE',  ( -1.410000000000001474, -2.913130645136343677, -0.5700000000000007283 ) ) ;
#597 = FACE_OUTER_BOUND ( 'NONE', #1151, .T. ) ;
#598 = ORIENTED_EDGE ( 'NONE', *, *, #328, .T. ) ;
#599 = SHAPE_REPRESENTATION ( 'B2PS-VH', ( #1011, #657, #943, #61 ), #38 ) ;
#600 = EDGE_LOOP ( 'NONE', ( #663, #454, #823, #1175 ) ) ;
#601 = CARTESIAN_POINT ( 'NONE',  ( 3.389999999999999680, -4.336808689942017736E-16, -0.5699999999999998401 ) ) ;
#602 = EDGE_CURVE ( 'NONE', #784, #160, #428, .T. ) ;
#603 = DIRECTION ( 'NONE',  ( -1.000000000000000000, -0.000000000000000000, -0.000000000000000000 ) ) ;
#604 = CARTESIAN_POINT ( 'NONE',  ( 16.47244390456740604, 3.729999999999999094, 0.5699999999999997291 ) ) ;
#605 = VERTEX_POINT ( 'NONE', #563 ) ;
#606 = DIRECTION ( 'NONE',  ( 0.000000000000000000, 0.000000000000000000, -1.000000000000000000 ) ) ;
#607 = ADVANCED_FACE ( 'NONE', ( #1116 ), #781, .F. ) ;
#608 = DIRECTION ( 'NONE',  ( 0.000000000000000000, 0.000000000000000000, -1.000000000000000000 ) ) ;
#609 = VECTOR ( 'NONE', #747, 1000.000000000000227 ) ;
#610 = PLANE ( 'NONE',  #479 ) ;
#611 = AXIS2_PLACEMENT_3D ( 'NONE', #10, #861, #22 ) ;
#612 = ORIENTED_EDGE ( 'NONE', *, *, #1194, .F. ) ;
#613 = VECTOR ( 'NONE', #80, 1000.000000000000227 ) ;
#614 = VECTOR ( 'NONE', #832, 1000.000000000000000 ) ;
#615 = FACE_OUTER_BOUND ( 'NONE', #236, .T. ) ;
#616 = LINE ( 'NONE', #818, #127 ) ;
#617 = VERTEX_POINT ( 'NONE', #802 ) ;
#618 = DIRECTION ( 'NONE',  ( 1.000000000000000000, 0.000000000000000000, 0.000000000000000000 ) ) ;
#619 = EDGE_CURVE ( 'NONE', #191, #405, #878, .T. ) ;
#620 = PLANE ( 'NONE',  #84 ) ;
#621 = ORIENTED_EDGE ( 'NONE', *, *, #1109, .F. ) ;
#622 = FACE_OUTER_BOUND ( 'NONE', #1038, .T. ) ;
#623 = FILL_AREA_STYLE_COLOUR ( '', #218 ) ;
#624 = LINE ( 'NONE', #930, #306 ) ;
#625 = CARTESIAN_POINT ( 'NONE',  ( -1.410000000000000586, 5.370000000000000107, 14.21313064513634394 ) ) ;
#626 = CARTESIAN_POINT ( 'NONE',  ( -1.660000000000001696, -3.599999999999999201, 0.3199999999999991740 ) ) ;
#627 = EDGE_CURVE ( 'NONE', #551, #237, #1224, .T. ) ;
#628 = FACE_OUTER_BOUND ( 'NONE', #483, .T. ) ;
#629 = ORIENTED_EDGE ( 'NONE', *, *, #810, .T. ) ;
#630 = LINE ( 'NONE', #1167, #1277 ) ;
#631 = SURFACE_STYLE_USAGE ( .BOTH. , #1180 ) ;
#632 = CARTESIAN_POINT ( 'NONE',  ( -0.5700000000000010614, 8.300000000000000711, -3.699999999999925127 ) ) ;
#633 = CARTESIAN_POINT ( 'NONE',  ( -1.410000000000001474, 4.229999999999999538, 14.21313064513634394 ) ) ;
#634 = EDGE_LOOP ( 'NONE', ( #744, #1153, #336, #1234 ) ) ;
#635 = EDGE_CURVE ( 'NONE', #649, #463, #888, .T. ) ;
#636 = VECTOR ( 'NONE', #774, 1000.000000000000000 ) ;
#637 = VERTEX_POINT ( 'NONE', #255 ) ;
#638 = AXIS2_PLACEMENT_3D ( 'NONE', #1146, #719, #1040 ) ;
#639 = CARTESIAN_POINT ( 'NONE',  ( -1.660000000000005249, 5.369999999999999218, 14.90000000000000036 ) ) ;
#640 = COLOUR_RGB ( '',0.7960784313725489669, 0.8235294117647058432, 0.9372549019607843146 ) ;
#641 = CARTESIAN_POINT ( 'NONE',  ( -0.3340174833904308027, 3.154017483390416654, 20.30149257142731045 ) ) ;
#642 = CYLINDRICAL_SURFACE ( 'NONE', #893, 1.639999999999999902 ) ;
#643 = EDGE_LOOP ( 'NONE', ( #593, #872, #1240, #592, #1289, #844 ) ) ;
#644 = VERTEX_POINT ( 'NONE', #356 ) ;
#645 = CARTESIAN_POINT ( 'NONE',  ( -0.5700000000000010614, 3.199999999999999734, -2.000000000000000000 ) ) ;
#646 =( NAMED_UNIT ( * ) PLANE_ANGLE_UNIT ( ) SI_UNIT ( $, .RADIAN. ) );
#647 = LINE ( 'NONE', #1380, #1300 ) ;
#648 = FACE_OUTER_BOUND ( 'NONE', #122, .T. ) ;
#649 = VERTEX_POINT ( 'NONE', #41 ) ;
#650 = ORIENTED_EDGE ( 'NONE', *, *, #770, .F. ) ;
#651 = DIRECTION ( 'NONE',  ( 1.000000000000000000, 0.000000000000000000, 0.000000000000000000 ) ) ;
#652 = EDGE_CURVE ( 'NONE', #304, #1091, #251, .T. ) ;
#653 = LINE ( 'NONE', #447, #278 ) ;
#654 = ORIENTED_EDGE ( 'NONE', *, *, #863, .F. ) ;
#655 = ORIENTED_EDGE ( 'NONE', *, *, #185, .T. ) ;
#656 = VECTOR ( 'NONE', #1066, 1000.000000000000000 ) ;
#657 = AXIS2_PLACEMENT_3D ( 'NONE', #1303, #201, #225 ) ;
#658 = FACE_OUTER_BOUND ( 'NONE', #634, .T. ) ;
#659 = EDGE_CURVE ( 'NONE', #147, #551, #485, .T. ) ;
#660 = VECTOR ( 'NONE', #1044, 1000.000000000000000 ) ;
#661 = ADVANCED_FACE ( 'NONE', ( #262 ), #1328, .F. ) ;
#662 = ORIENTED_EDGE ( 'NONE', *, *, #1337, .T. ) ;
#663 = ORIENTED_EDGE ( 'NONE', *, *, #737, .F. ) ;
#664 = DIRECTION ( 'NONE',  ( 0.000000000000000000, 0.000000000000000000, 1.000000000000000000 ) ) ;
#665 = DIRECTION ( 'NONE',  ( -1.000000000000000000, -0.000000000000000000, -0.000000000000000000 ) ) ;
#666 = ORIENTED_EDGE ( 'NONE', *, *, #1109, .T. ) ;
#667 = PRODUCT_DEFINITION_CONTEXT ( 'detailed design', #254, 'design' ) ;
#668 = EDGE_CURVE ( 'NONE', #957, #253, #362, .T. ) ;
#669 = ORIENTED_EDGE ( 'NONE', *, *, #775, .T. ) ;
#670 = CARTESIAN_POINT ( 'NONE',  ( 4.530000000000002025, -4.336808689942017736E-16, -0.5699999999999998401 ) ) ;
#671 = ORIENTED_EDGE ( 'NONE', *, *, #1311, .T. ) ;
#672 = EDGE_LOOP ( 'NONE', ( #249, #76, #1208, #6 ) ) ;
#673 = ADVANCED_FACE ( 'NONE', ( #386 ), #683, .F. ) ;
#674 = PRODUCT_DEFINITION_SHAPE ( 'NONE', 'NONE',  #1402 ) ;
#675 = DIRECTION ( 'NONE',  ( -0.000000000000000000, -0.9396926207859067626, -0.3420201433256731538 ) ) ;
#676 = VECTOR ( 'NONE', #1047, 1000.000000000000000 ) ;
#677 = AXIS2_PLACEMENT_3D ( 'NONE', #689, #1374, #684 ) ;
#678 = ORIENTED_EDGE ( 'NONE', *, *, #224, .T. ) ;
#679 = VECTOR ( 'NONE', #72, 1000.000000000000000 ) ;
#680 = ORIENTED_EDGE ( 'NONE', *, *, #979, .F. ) ;
#681 = CARTESIAN_POINT ( 'NONE',  ( -1.410000000000000586, -2.913130645136341901, 4.000000000000003553 ) ) ;
#682 = EDGE_CURVE ( 'NONE', #773, #480, #1105, .T. ) ;
#683 = PLANE ( 'NONE',  #1318 ) ;
#684 = DIRECTION ( 'NONE',  ( 0.000000000000000000, -1.000000000000000000, -1.183303871744070746E-16 ) ) ;
#685 = ORIENTED_EDGE ( 'NONE', *, *, #366, .T. ) ;
#686 = ORIENTED_EDGE ( 'NONE', *, *, #1270, .T. ) ;
#687 = LINE ( 'NONE', #180, #549 ) ;
#688 = LINE ( 'NONE', #1282, #809 ) ;
#689 = CARTESIAN_POINT ( 'NONE',  ( 16.47244390456740604, 3.729999999999999094, -0.5699999999999999512 ) ) ;
#690 = EDGE_CURVE ( 'NONE', #1394, #452, #579, .T. ) ;
#691 = PLANE ( 'NONE',  #586 ) ;
#692 = EDGE_LOOP ( 'NONE', ( #182, #740, #950, #140 ) ) ;
#693 = CARTESIAN_POINT ( 'NONE',  ( -2.550000000000002931, 5.369999999999999218, 14.90000000000000036 ) ) ;
#694 = CARTESIAN_POINT ( 'NONE',  ( -0.5700000000000010614, 0.000000000000000000, -2.000000000000000000 ) ) ;
#695 = CARTESIAN_POINT ( 'NONE',  ( -0.5700000000000010614, -4.336808689942017736E-16, -2.699999999999931788 ) ) ;
#696 = PLANE ( 'NONE',  #677 ) ;
#697 = VECTOR ( 'NONE', #8, 1000.000000000000000 ) ;
#698 = ORIENTED_EDGE ( 'NONE', *, *, #1070, .T. ) ;
#699 = VECTOR ( 'NONE', #414, 1000.000000000000000 ) ;
#700 =( GEOMETRIC_REPRESENTATION_CONTEXT ( 3 ) GLOBAL_UNCERTAINTY_ASSIGNED_CONTEXT ( ( #380 ) ) GLOBAL_UNIT_ASSIGNED_CONTEXT ( ( #56, #1325, #149 ) ) REPRESENTATION_CONTEXT ( 'NONE', 'WORKASPACE' ) );
#701 = EDGE_LOOP ( 'NONE', ( #1357, #448, #1227, #324, #499, #108, #1184, #1207, #654, #184 ) ) ;
#702 = LINE ( 'NONE', #694, #944 ) ;
#703 = CARTESIAN_POINT ( 'NONE',  ( -0.5700000000000036149, 3.199999999999999734, -0.5699999999999998401 ) ) ;
#704 = CARTESIAN_POINT ( 'NONE',  ( -1.950000000000000400, -4.336808689942017736E-16, -2.000000000000000000 ) ) ;
#705 = LINE ( 'NONE', #783, #581 ) ;
#706 = ORIENTED_EDGE ( 'NONE', *, *, #668, .T. ) ;
#707 = ADVANCED_FACE ( 'NONE', ( #153 ), #471, .F. ) ;
#708 = LINE ( 'NONE', #186, #723 ) ;
#709 = ADVANCED_FACE ( 'NONE', ( #981 ), #1342, .F. ) ;
#710 = DIRECTION ( 'NONE',  ( 0.9396926207859063185, 0.000000000000000000, 0.3420201433256742640 ) ) ;
#711 = FACE_OUTER_BOUND ( 'NONE', #1082, .T. ) ;
#712 = CARTESIAN_POINT ( 'NONE',  ( -1.410000000000001474, 5.369999999999999218, 14.90000000000000036 ) ) ;
#713 = CARTESIAN_POINT ( 'NONE',  ( 16.41000000000000014, 8.300000000000000711, -3.699999999999925127 ) ) ;
#714 = CARTESIAN_POINT ( 'NONE',  ( -1.050786246785371247, -1.926198969421606844, 0.9292137532146272916 ) ) ;
#715 = ORIENTED_EDGE ( 'NONE', *, *, #455, .T. ) ;
#716 = PRODUCT_DEFINITION ( 'UNKNOWN', '', #220, #167 ) ;
#717 = LINE ( 'NONE', #849, #748 ) ;
#718 = DIRECTION ( 'NONE',  ( 0.000000000000000000, 0.000000000000000000, -1.000000000000000000 ) ) ;
#719 = DIRECTION ( 'NONE',  ( -0.9396926207859086499, -0.3420201433256681023, 1.301119236587694756E-16 ) ) ;
#720 = DIRECTION ( 'NONE',  ( -1.000000000000000000, -0.000000000000000000, -0.000000000000000000 ) ) ;
#721 = DIRECTION ( 'NONE',  ( 1.000000000000000000, 0.000000000000000000, 0.000000000000000000 ) ) ;
#722 = AXIS2_PLACEMENT_3D ( 'NONE', #670, #1099, #175 ) ;
#723 = VECTOR ( 'NONE', #1228, 1000.000000000000000 ) ;
#724 = ORIENTED_EDGE ( 'NONE', *, *, #427, .T. ) ;
#725 = VECTOR ( 'NONE', #315, 1000.000000000000000 ) ;
#726 = DIRECTION ( 'NONE',  ( 0.000000000000000000, 0.000000000000000000, 1.000000000000000000 ) ) ;
#727 = CARTESIAN_POINT ( 'NONE',  ( -1.410000000000001474, 5.369999999999999218, 14.21313064513634394 ) ) ;
#728 = SURFACE_STYLE_FILL_AREA ( #1354 ) ;
#729 = VERTEX_POINT ( 'NONE', #377 ) ;
#730 = DIRECTION ( 'NONE',  ( -0.000000000000000000, -0.000000000000000000, -1.000000000000000000 ) ) ;
#731 = ADVANCED_FACE ( 'NONE', ( #795 ), #62, .T. ) ;
#732 = CARTESIAN_POINT ( 'NONE',  ( -2.300000000000003375, -3.599999999999999201, 0.3199999999999991740 ) ) ;
#733 = DIRECTION ( 'NONE',  ( 0.000000000000000000, 1.000000000000000000, 0.000000000000000000 ) ) ;
#734 = ORIENTED_EDGE ( 'NONE', *, *, #652, .T. ) ;
#735 = CARTESIAN_POINT ( 'NONE',  ( 3.389999999999999680, -4.336808689942017736E-16, -0.5699999999999998401 ) ) ;
#736 = CARTESIAN_POINT ( 'NONE',  ( -1.410000000000000586, -2.913130645136343677, -0.5700000000000010614 ) ) ;
#737 = EDGE_CURVE ( 'NONE', #1336, #151, #688, .T. ) ;
#738 = CARTESIAN_POINT ( 'NONE',  ( -0.5700000000000010614, 7.200000000000011724, -3.199999999999925127 ) ) ;
#739 = EDGE_LOOP ( 'NONE', ( #370, #1334, #1210, #496, #50, #868, #1020, #429 ) ) ;
#740 = ORIENTED_EDGE ( 'NONE', *, *, #3, .F. ) ;
#741 = PRESENTATION_STYLE_ASSIGNMENT (( #631 ) ) ;
#742 = DIRECTION ( 'NONE',  ( 1.000000000000000000, -0.000000000000000000, -0.000000000000000000 ) ) ;
#743 = LINE ( 'NONE', #312, #258 ) ;
#744 = ORIENTED_EDGE ( 'NONE', *, *, #1080, .T. ) ;
#745 = VECTOR ( 'NONE', #216, 1000.000000000000000 ) ;
#746 = AXIS2_PLACEMENT_3D ( 'NONE', #604, #520, #1161 ) ;
#747 = DIRECTION ( 'NONE',  ( -0.000000000000000000, -0.9396926207859083169, 0.3420201433256687684 ) ) ;
#748 = VECTOR ( 'NONE', #330, 1000.000000000000000 ) ;
#749 = CARTESIAN_POINT ( 'NONE',  ( -0.5700000000000036149, -4.336808689942017736E-16, 0.5699999999999985079 ) ) ;
#750 = LINE ( 'NONE', #1095, #168 ) ;
#751 = ORIENTED_EDGE ( 'NONE', *, *, #427, .F. ) ;
#752 = UNCERTAINTY_MEASURE_WITH_UNIT (LENGTH_MEASURE( 1.000000000000000082E-05 ), #798, 'distance_accuracy_value', 'NONE');
#753 = ORIENTED_EDGE ( 'NONE', *, *, #954, .F. ) ;
#754 = EDGE_CURVE ( 'NONE', #1279, #1314, #833, .T. ) ;
#755 = DIRECTION ( 'NONE',  ( 1.000000000000000000, 0.000000000000000000, 0.000000000000000000 ) ) ;
#756 = ORIENTED_EDGE ( 'NONE', *, *, #1014, .F. ) ;
#757 = ORIENTED_EDGE ( 'NONE', *, *, #690, .F. ) ;
#758 = SHAPE_DEFINITION_REPRESENTATION ( #1094, #1199 ) ;
#759 = EDGE_CURVE ( 'NONE', #374, #845, #616, .T. ) ;
#760 = FACE_OUTER_BOUND ( 'NONE', #1288, .T. ) ;
#761 = ORIENTED_EDGE ( 'NONE', *, *, #1337, .F. ) ;
#762 = UNCERTAINTY_MEASURE_WITH_UNIT (LENGTH_MEASURE( 1.000000000000000082E-05 ), #1190, 'distance_accuracy_value', 'NONE');
#763 = ORIENTED_EDGE ( 'NONE', *, *, #364, .T. ) ;
#764 = ITEM_DEFINED_TRANSFORMATION ( 'NONE', 'NONE', #943,  #1392 ) ;
#765 = VECTOR ( 'NONE', #664, 1000.000000000000000 ) ;
#766 = VECTOR ( 'NONE', #392, 1000.000000000000000 ) ;
#767 = PRESENTATION_LAYER_ASSIGNMENT (  '', '', ( #482 ) ) ;
#768 = VECTOR ( 'NONE', #423, 1000.000000000000000 ) ;
#769 = CARTESIAN_POINT ( 'NONE',  ( 0.5699999999999985079, -4.336808689942017736E-16, -0.5699999999999998401 ) ) ;
#770 = EDGE_CURVE ( 'NONE', #644, #1101, #590, .T. ) ;
#771 = MANIFOLD_SOLID_BREP ( 'Chamfer1', #877 ) ;
#772 = VERTEX_POINT ( 'NONE', #596 ) ;
#773 = VERTEX_POINT ( 'NONE', #95 ) ;
#774 = DIRECTION ( 'NONE',  ( 0.000000000000000000, -3.804218149071946023E-16, -1.000000000000000000 ) ) ;
#775 = EDGE_CURVE ( 'NONE', #617, #1336, #73, .T. ) ;
#776 = EDGE_LOOP ( 'NONE', ( #751, #947, #29, #570 ) ) ;
#777 = ADVANCED_FACE ( 'NONE', ( #711 ), #826, .F. ) ;
#778 = DIRECTION ( 'NONE',  ( 0.000000000000000000, 0.9396926207859067626, -0.3420201433256731538 ) ) ;
#779 = EDGE_LOOP ( 'NONE', ( #1041, #565, #469, #854 ) ) ;
#780 = APPLICATION_PROTOCOL_DEFINITION ( 'draft international standard', 'automotive_design', 1998, #111 ) ;
#781 = PLANE ( 'NONE',  #1359 ) ;
#782 = ORIENTED_EDGE ( 'NONE', *, *, #275, .T. ) ;
#783 = CARTESIAN_POINT ( 'NONE',  ( -1.410000000000000586, 4.229999999999999538, 14.21313064513634394 ) ) ;
#784 = VERTEX_POINT ( 'NONE', #936 ) ;
#785 = ADVANCED_FACE ( 'NONE', ( #421 ), #1024, .F. ) ;
#786 = CARTESIAN_POINT ( 'NONE',  ( -0.5700000000000010614, 9.400000000000000355, -3.299632742307101463 ) ) ;
#787 = CARTESIAN_POINT ( 'NONE',  ( -0.5700000000000036149, -4.336808689942017736E-16, -0.5699999999999998401 ) ) ;
#788 = VECTOR ( 'NONE', #908, 1000.000000000000000 ) ;
#789 = AXIS2_PLACEMENT_3D ( 'NONE', #176, #902, #268 ) ;
#790 = ORIENTED_EDGE ( 'NONE', *, *, #619, .F. ) ;
#791 = CLOSED_SHELL ( 'NONE', ( #450, #707, #853, #995, #260, #30, #1002, #785, #120, #307, #541, #71, #1366, #1262, #1144, #375, #986, #24, #91, #245, #709, #673, #136, #118, #509 ) ) ;
#792 = ORIENTED_EDGE ( 'NONE', *, *, #737, .T. ) ;
#793 = EDGE_CURVE ( 'NONE', #1131, #644, #492, .T. ) ;
#794 = DIRECTION ( 'NONE',  ( 0.000000000000000000, -0.000000000000000000, 1.000000000000000000 ) ) ;
#795 = FACE_OUTER_BOUND ( 'NONE', #779, .T. ) ;
#796 = LINE ( 'NONE', #1127, #1084 ) ;
#797 = FACE_OUTER_BOUND ( 'NONE', #1107, .T. ) ;
#798 =( LENGTH_UNIT ( ) NAMED_UNIT ( * ) SI_UNIT ( .MILLI., .METRE. ) );
#799 = ORIENTED_EDGE ( 'NONE', *, *, #973, .F. ) ;
#800 = CARTESIAN_POINT ( 'NONE',  ( -1.950000000000000400, 3.199999999999999734, -2.000000000000000000 ) ) ;
#801 = CARTESIAN_POINT ( 'NONE',  ( -0.5700000000000036149, -4.336808689942017736E-16, 0.5699999999999985079 ) ) ;
#802 = CARTESIAN_POINT ( 'NONE',  ( 4.529999999999999361, 0.4999999999999995559, -3.199999999999931344 ) ) ;
#803 = DIRECTION ( 'NONE',  ( -1.000000000000000000, 0.000000000000000000, 0.000000000000000000 ) ) ;
#804 = ORIENTED_EDGE ( 'NONE', *, *, #393, .F. ) ;
#805 = DIRECTION ( 'NONE',  ( -1.000000000000000000, -0.000000000000000000, -0.000000000000000000 ) ) ;
#806 = DIRECTION ( 'NONE',  ( 0.000000000000000000, -6.195440985632059782E-16, -1.000000000000000000 ) ) ;
#807 =( LENGTH_UNIT ( ) NAMED_UNIT ( * ) SI_UNIT ( .MILLI., .METRE. ) );
#808 = CARTESIAN_POINT ( 'NONE',  ( -1.410000000000001474, 3.729999999999999094, 1.069999999999999840 ) ) ;
#809 = VECTOR ( 'NONE', #407, 1000.000000000000000 ) ;
#810 = EDGE_CURVE ( 'NONE', #191, #1068, #285, .T. ) ;
#811 = FACE_OUTER_BOUND ( 'NONE', #983, .T. ) ;
#812 = VECTOR ( 'NONE', #378, 1000.000000000000000 ) ;
#813 = PRODUCT_DEFINITION_FORMATION_WITH_SPECIFIED_SOURCE ( 'ANY', '', #1073, .NOT_KNOWN. ) ;
#814 = AXIS2_PLACEMENT_3D ( 'NONE', #177, #404, #1350 ) ;
#815 = ORIENTED_EDGE ( 'NONE', *, *, #1270, .F. ) ;
#816 = DIRECTION ( 'NONE',  ( 0.000000000000000000, 0.000000000000000000, 1.000000000000000000 ) ) ;
#817 = CARTESIAN_POINT ( 'NONE',  ( -1.410000000000001474, 3.729999999999999094, 0.5699999999999997291 ) ) ;
#818 = CARTESIAN_POINT ( 'NONE',  ( 5.909999999999998366, 3.199999999999999734, 4.799999999999999822 ) ) ;
#819 = DIRECTION ( 'NONE',  ( -0.3236155771181896124, 0.3236155771181883911, 0.8891264907159852626 ) ) ;
#820 = CARTESIAN_POINT ( 'NONE',  ( 16.41000000000000014, 8.300000000000000711, -1.999999999999999556 ) ) ;
#821 = CARTESIAN_POINT ( 'NONE',  ( 4.529999999999999361, -4.336808689942017736E-16, -2.000000000000000000 ) ) ;
#822 = EDGE_CURVE ( 'NONE', #1114, #1324, #507, .T. ) ;
#823 = ORIENTED_EDGE ( 'NONE', *, *, #1229, .T. ) ;
#824 = LINE ( 'NONE', #317, #1086 ) ;
#825 = CARTESIAN_POINT ( 'NONE',  ( -1.950000000000000400, -4.336808689942017736E-16, 4.799999999999999822 ) ) ;
#826 = PLANE ( 'NONE',  #746 ) ;
#827 = CARTESIAN_POINT ( 'NONE',  ( 16.41000000000000014, 8.300000000000000711, -1.999999999999999556 ) ) ;
#828 = DIRECTION ( 'NONE',  ( -1.000000000000000000, 0.000000000000000000, 0.000000000000000000 ) ) ;
#829 = DIRECTION ( 'NONE',  ( 0.000000000000000000, 0.000000000000000000, -1.000000000000000000 ) ) ;
#830 = ORIENTED_EDGE ( 'NONE', *, *, #100, .F. ) ;
#831 = ADVANCED_FACE ( 'NONE', ( #929 ), #1264, .T. ) ;
#832 = DIRECTION ( 'NONE',  ( -1.000000000000000000, -0.000000000000000000, -0.000000000000000000 ) ) ;
#833 = LINE ( 'NONE', #319, #546 ) ;
#834 = DIRECTION ( 'NONE',  ( 1.000000000000000000, 0.000000000000000000, -0.000000000000000000 ) ) ;
#835 = LINE ( 'NONE', #322, #221 ) ;
#836 = VECTOR ( 'NONE', #665, 1000.000000000000000 ) ;
#837 = VECTOR ( 'NONE', #591, 1000.000000000000000 ) ;
#838 = VERTEX_POINT ( 'NONE', #88 ) ;
#839 = EDGE_CURVE ( 'NONE', #1324, #773, #513, .T. ) ;
#840 = CARTESIAN_POINT ( 'NONE',  ( 5.909999999999998366, -4.336808689942017736E-16, -2.000000000000000000 ) ) ;
#841 = CARTESIAN_POINT ( 'NONE',  ( 3.389999999999999680, -4.336808689942017736E-16, 0.5699999999999985079 ) ) ;
#842 = DIRECTION ( 'NONE',  ( 0.000000000000000000, 0.5000000000000069944, -0.8660254037844344888 ) ) ;
#843 = DIRECTION ( 'NONE',  ( -0.000000000000000000, 0.7071067811865479058, -0.7071067811865472397 ) ) ;
#844 = ORIENTED_EDGE ( 'NONE', *, *, #759, .F. ) ;
#845 = VERTEX_POINT ( 'NONE', #309 ) ;
#846 = CARTESIAN_POINT ( 'NONE',  ( 16.47244390456740604, 5.119999999999994778, 14.90000000000000036 ) ) ;
#847 = LINE ( 'NONE', #535, #1035 ) ;
#848 = ORIENTED_EDGE ( 'NONE', *, *, #1206, .T. ) ;
#849 = CARTESIAN_POINT ( 'NONE',  ( -0.5700000000000036149, -4.336808689942017736E-16, 0.5699999999999985079 ) ) ;
#850 = CARTESIAN_POINT ( 'NONE',  ( 3.959999999999999964, 0.000000000000000000, 0.000000000000000000 ) ) ;
#851 = DIRECTION ( 'NONE',  ( -1.000000000000000000, -0.000000000000000000, 0.000000000000000000 ) ) ;
#852 = LINE ( 'NONE', #244, #1032 ) ;
#853 = ADVANCED_FACE ( 'NONE', ( #446 ), #1310, .F. ) ;
#854 = ORIENTED_EDGE ( 'NONE', *, *, #659, .F. ) ;
#855 = VECTOR ( 'NONE', #1214, 1000.000000000000000 ) ;
#856 = EDGE_LOOP ( 'NONE', ( #904, #873, #338, #686 ) ) ;
#857 = AXIS2_PLACEMENT_3D ( 'NONE', #1067, #432, #529 ) ;
#858 =( NAMED_UNIT ( * ) SI_UNIT ( $, .STERADIAN. ) SOLID_ANGLE_UNIT ( ) );
#859 = LINE ( 'NONE', #1079, #965 ) ;
#860 = CARTESIAN_POINT ( 'NONE',  ( 4.529999999999999361, 8.300000000000000711, -1.999999999999999556 ) ) ;
#861 = DIRECTION ( 'NONE',  ( 1.000000000000000000, 0.000000000000000000, 0.000000000000000000 ) ) ;
#862 = ORIENTED_EDGE ( 'NONE', *, *, #1043, .F. ) ;
#863 = EDGE_CURVE ( 'NONE', #114, #151, #486, .T. ) ;
#864 = ORIENTED_EDGE ( 'NONE', *, *, #418, .T. ) ;
#865 = CARTESIAN_POINT ( 'NONE',  ( -0.5700000000000036149, -4.336808689942017736E-16, -0.5699999999999998401 ) ) ;
#866 =( NAMED_UNIT ( * ) SI_UNIT ( $, .STERADIAN. ) SOLID_ANGLE_UNIT ( ) );
#867 = DIRECTION ( 'NONE',  ( -1.000000000000000000, 0.000000000000000000, 0.000000000000000000 ) ) ;
#868 = ORIENTED_EDGE ( 'NONE', *, *, #299, .F. ) ;
#869 = ORIENTED_EDGE ( 'NONE', *, *, #870, .T. ) ;
#870 = EDGE_CURVE ( 'NONE', #1131, #1191, #82, .T. ) ;
#871 = LINE ( 'NONE', #246, #836 ) ;
#872 = ORIENTED_EDGE ( 'NONE', *, *, #1189, .T. ) ;
#873 = ORIENTED_EDGE ( 'NONE', *, *, #1323, .F. ) ;
#874 = VECTOR ( 'NONE', #1036, 1000.000000000000114 ) ;
#875 = VECTOR ( 'NONE', #497, 1000.000000000000000 ) ;
#876 = ADVANCED_FACE ( 'NONE', ( #293 ), #915, .F. ) ;
#877 = CLOSED_SHELL ( 'NONE', ( #584, #1260, #1130, #777, #607, #900, #533, #179, #434, #569, #489, #1251, #831, #876, #661, #266, #731, #348 ) ) ;
#878 = LINE ( 'NONE', #368, #1083 ) ;
#879 = EDGE_CURVE ( 'NONE', #845, #1179, #1256, .T. ) ;
#880 = ORIENTED_EDGE ( 'NONE', *, *, #870, .F. ) ;
#881 = ORIENTED_EDGE ( 'NONE', *, *, #1118, .T. ) ;
#882 = SHAPE_DEFINITION_REPRESENTATION ( #1312, #431 ) ;
#883 = DIRECTION ( 'NONE',  ( 0.000000000000000000, -1.000000000000000000, 0.000000000000000000 ) ) ;
#884 = PRODUCT_DEFINITION_SHAPE ( 'NONE', 'NONE',  #1401 ) ;
#885 = EDGE_CURVE ( 'NONE', #382, #17, #165, .T. ) ;
#886 = ORIENTED_EDGE ( 'NONE', *, *, #159, .F. ) ;
#887 = ORIENTED_EDGE ( 'NONE', *, *, #66, .T. ) ;
#888 = LINE ( 'NONE', #1008, #855 ) ;
#889 = EDGE_LOOP ( 'NONE', ( #966, #1142, #531, #1192 ) ) ;
#890 = EDGE_CURVE ( 'NONE', #523, #247, #1135, .T. ) ;
#891 = VERTEX_POINT ( 'NONE', #703 ) ;
#892 = FACE_OUTER_BOUND ( 'NONE', #643, .T. ) ;
#893 = AXIS2_PLACEMENT_3D ( 'NONE', #1305, #339, #327 ) ;
#894 = DIRECTION ( 'NONE',  ( 0.000000000000000000, 5.225070710773516837E-17, -1.000000000000000000 ) ) ;
#895 = VECTOR ( 'NONE', #54, 1000.000000000000000 ) ;
#896 = CARTESIAN_POINT ( 'NONE',  ( 4.530000000000002025, 3.199999999999999734, 0.5699999999999985079 ) ) ;
#897 = PLANE ( 'NONE',  #814 ) ;
#898 = LINE ( 'NONE', #381, #1298 ) ;
#899 = ORIENTED_EDGE ( 'NONE', *, *, #635, .T. ) ;
#900 = ADVANCED_FACE ( 'NONE', ( #597 ), #696, .F. ) ;
#901 = DIRECTION ( 'NONE',  ( -0.9396926207859070956, 0.000000000000000000, 0.3420201433256721546 ) ) ;
#902 = DIRECTION ( 'NONE',  ( 0.000000000000000000, 0.3420201433256691015, 0.9396926207859083169 ) ) ;
#903 = CARTESIAN_POINT ( 'NONE',  ( 16.47244390456740604, -3.599999999999999201, 0.3199999999999991740 ) ) ;
#904 = ORIENTED_EDGE ( 'NONE', *, *, #1211, .T. ) ;
#905 = LINE ( 'NONE', #157, #280 ) ;
#906 = EDGE_CURVE ( 'NONE', #1191, #957, #74, .T. ) ;
#907 = CARTESIAN_POINT ( 'NONE',  ( 4.529999999999999361, 9.400000000000000355, -2.400367257692822331 ) ) ;
#908 = DIRECTION ( 'NONE',  ( 0.000000000000000000, 1.000000000000000000, 0.000000000000000000 ) ) ;
#909 = CARTESIAN_POINT ( 'NONE',  ( 4.530000000000002025, -4.336808689942017736E-16, -0.5699999999999998401 ) ) ;
#910 = FACE_OUTER_BOUND ( 'NONE', #264, .T. ) ;
#911 = UNCERTAINTY_MEASURE_WITH_UNIT (LENGTH_MEASURE( 1.000000000000000082E-05 ), #1280, 'distance_accuracy_value', 'NONE');
#912 = ORIENTED_EDGE ( 'NONE', *, *, #525, .T. ) ;
#913 = CARTESIAN_POINT ( 'NONE',  ( -1.950000000000000400, 3.199999999999999734, 4.799999999999999822 ) ) ;
#914 = CARTESIAN_POINT ( 'NONE',  ( 16.41000000000000014, 7.200000000000011724, -3.199999999999925127 ) ) ;
#915 = PLANE ( 'NONE',  #789 ) ;
#916 = EDGE_CURVE ( 'NONE', #1201, #637, #1319, .T. ) ;
#917 = DIRECTION ( 'NONE',  ( 0.000000000000000000, -1.000000000000000000, 3.741739237146844007E-15 ) ) ;
#918 = AXIS2_PLACEMENT_3D ( 'NONE', #1398, #117, #834 ) ;
#919 = STYLED_ITEM ( 'NONE', ( #35 ), #553 ) ;
#920 = ORIENTED_EDGE ( 'NONE', *, *, #576, .T. ) ;
#921 = CARTESIAN_POINT ( 'NONE',  ( 0.5699999999999985079, -4.336808689942017736E-16, 0.5699999999999985079 ) ) ;
#922 = CARTESIAN_POINT ( 'NONE',  ( 16.41000000000000014, -4.336808689942017736E-16, -2.699999999999931788 ) ) ;
#923 = CARTESIAN_POINT ( 'NONE',  ( -0.5700000000000036149, -4.336808689942017736E-16, 0.5699999999999985079 ) ) ;
#924 = CARTESIAN_POINT ( 'NONE',  ( -2.550000000000002931, -2.913130645136344121, 0.5699999999999988409 ) ) ;
#925 = DIRECTION ( 'NONE',  ( 0.000000000000000000, 0.000000000000000000, -1.000000000000000000 ) ) ;
#926 = EDGE_CURVE ( 'NONE', #169, #538, #1248, .T. ) ;
#927 = ORIENTED_EDGE ( 'NONE', *, *, #885, .F. ) ;
#928 = FACE_OUTER_BOUND ( 'NONE', #1027, .T. ) ;
#929 = FACE_OUTER_BOUND ( 'NONE', #243, .T. ) ;
#930 = CARTESIAN_POINT ( 'NONE',  ( -2.550000000000002931, 5.369999999999999218, 14.21313064513634394 ) ) ;
#931 = DIRECTION ( 'NONE',  ( 0.000000000000000000, -0.000000000000000000, -1.000000000000000000 ) ) ;
#932 = CARTESIAN_POINT ( 'NONE',  ( -2.550000000000002931, 5.369999999999999218, 1.069999999999999840 ) ) ;
#933 = VERTEX_POINT ( 'NONE', #1025 ) ;
#934 = EDGE_CURVE ( 'NONE', #957, #289, #1238, .T. ) ;
#935 = SHAPE_DEFINITION_REPRESENTATION ( #113, #599 ) ;
#936 = CARTESIAN_POINT ( 'NONE',  ( -0.5700000000000010614, -4.336808689942017736E-16, -2.000000000000000000 ) ) ;
#937 = LINE ( 'NONE', #1170, #398 ) ;
#938 = CARTESIAN_POINT ( 'NONE',  ( 4.529999999999999361, 8.300000000000000711, -3.699999999999925127 ) ) ;
#939 = COLOUR_RGB ( '',1.000000000000000000, 1.000000000000000000, 1.000000000000000000 ) ;
#940 = CARTESIAN_POINT ( 'NONE',  ( -2.550000000000002931, 3.729999999999999094, 1.069999999999999840 ) ) ;
#941 = VECTOR ( 'NONE', #205, 1000.000000000000114 ) ;
#942 = ORIENTED_EDGE ( 'NONE', *, *, #248, .F. ) ;
#943 = AXIS2_PLACEMENT_3D ( 'NONE', #518, #1290, #7 ) ;
#944 = VECTOR ( 'NONE', #87, 1000.000000000000000 ) ;
#945 = DIRECTION ( 'NONE',  ( 1.000000000000000000, 0.000000000000000000, 0.000000000000000000 ) ) ;
#946 = EDGE_CURVE ( 'NONE', #363, #644, #580, .T. ) ;
#947 = ORIENTED_EDGE ( 'NONE', *, *, #290, .T. ) ;
#948 = LINE ( 'NONE', #1162, #36 ) ;
#949 = DIRECTION ( 'NONE',  ( 0.000000000000000000, -1.000000000000000000, 0.000000000000000000 ) ) ;
#950 = ORIENTED_EDGE ( 'NONE', *, *, #314, .T. ) ;
#951 = ORIENTED_EDGE ( 'NONE', *, *, #366, .F. ) ;
#952 = DIRECTION ( 'NONE',  ( 0.000000000000000000, 0.000000000000000000, 1.000000000000000000 ) ) ;
#953 = CARTESIAN_POINT ( 'NONE',  ( -2.550000000000002931, 5.369999999999999218, 14.21313064513634394 ) ) ;
#954 = EDGE_CURVE ( 'NONE', #289, #363, #796, .T. ) ;
#955 = CARTESIAN_POINT ( 'NONE',  ( -0.5700000000000036149, -4.336808689942017736E-16, -0.5699999999999998401 ) ) ;
#956 = EDGE_LOOP ( 'NONE', ( #650, #133, #869, #763 ) ) ;
#957 = VERTEX_POINT ( 'NONE', #63 ) ;
#958 = CARTESIAN_POINT ( 'NONE',  ( 0.000000000000000000, 0.000000000000000000, 0.000000000000000000 ) ) ;
#959 = LINE ( 'NONE', #846, #257 ) ;
#960 = FACE_OUTER_BOUND ( 'NONE', #436, .T. ) ;
#961 = PLANE ( 'NONE',  #611 ) ;
#962 = EDGE_CURVE ( 'NONE', #1106, #247, #1363, .T. ) ;
#963 = SURFACE_STYLE_FILL_AREA ( #1173 ) ;
#964 = VERTEX_POINT ( 'NONE', #402 ) ;
#965 = VECTOR ( 'NONE', #1212, 1000.000000000000114 ) ;
#966 = ORIENTED_EDGE ( 'NONE', *, *, #562, .T. ) ;
#967 = PLANE ( 'NONE',  #460 ) ;
#968 =( GEOMETRIC_REPRESENTATION_CONTEXT ( 3 ) GLOBAL_UNCERTAINTY_ASSIGNED_CONTEXT ( ( #762 ) ) GLOBAL_UNIT_ASSIGNED_CONTEXT ( ( #1190, #361, #145 ) ) REPRESENTATION_CONTEXT ( 'NONE', 'WORKASPACE' ) );
#969 = PLANE ( 'NONE',  #564 ) ;
#970 = LINE ( 'NONE', #1297, #765 ) ;
#971 = FILL_AREA_STYLE_COLOUR ( '', #939 ) ;
#972 = ORIENTED_EDGE ( 'NONE', *, *, #934, .F. ) ;
#973 = EDGE_CURVE ( 'NONE', #772, #223, #493, .T. ) ;
#974 = EDGE_LOOP ( 'NONE', ( #678, #241, #669, #467, #1302, #912, #355, #629, #655, #556 ) ) ;
#975 = DIRECTION ( 'NONE',  ( 0.000000000000000000, 0.000000000000000000, 1.000000000000000000 ) ) ;
#976 = DIRECTION ( 'NONE',  ( -0.000000000000000000, -0.000000000000000000, 1.000000000000000000 ) ) ;
#977 = ORIENTED_EDGE ( 'NONE', *, *, #822, .F. ) ;
#978 = ORIENTED_EDGE ( 'NONE', *, *, #1229, .F. ) ;
#979 = EDGE_CURVE ( 'NONE', #147, #1106, #514, .T. ) ;
#980 = EDGE_CURVE ( 'NONE', #237, #1106, #624, .T. ) ;
#981 = FACE_OUTER_BOUND ( 'NONE', #410, .T. ) ;
#982 = ORIENTED_EDGE ( 'NONE', *, *, #997, .F. ) ;
#983 = EDGE_LOOP ( 'NONE', ( #978, #577, #782, #75 ) ) ;
#984 = AXIS2_PLACEMENT_3D ( 'NONE', #121, #542, #1365 ) ;
#985 = VECTOR ( 'NONE', #1284, 1000.000000000000000 ) ;
#986 = ADVANCED_FACE ( 'NONE', ( #960 ), #217, .T. ) ;
#987 = PRODUCT_DEFINITION_FORMATION_WITH_SPECIFIED_SOURCE ( 'ANY', '', #1388, .NOT_KNOWN. ) ;
#988 = CIRCLE ( 'NONE', #528, 1.639999999999999902 ) ;
#989 = CARTESIAN_POINT ( 'NONE',  ( 16.47244390456740604, -3.599999999999999201, 0.5699999999999990630 ) ) ;
#990 = ORIENTED_EDGE ( 'NONE', *, *, #525, .F. ) ;
#991 = DIRECTION ( 'NONE',  ( 0.000000000000000000, 0.000000000000000000, 1.000000000000000000 ) ) ;
#992 = EDGE_LOOP ( 'NONE', ( #1399, #92, #598, #231 ) ) ;
#993 = DIRECTION ( 'NONE',  ( 0.000000000000000000, 0.000000000000000000, 1.000000000000000000 ) ) ;
#994 = DIRECTION ( 'NONE',  ( 0.000000000000000000, 3.804218149071946023E-16, 1.000000000000000000 ) ) ;
#995 = ADVANCED_FACE ( 'NONE', ( #326 ), #1292, .F. ) ;
#996 = VERTEX_POINT ( 'NONE', #197 ) ;
#997 = EDGE_CURVE ( 'NONE', #17, #495, #422, .T. ) ;
#998 = SURFACE_STYLE_USAGE ( .BOTH. , #44 ) ;
#999 = ORIENTED_EDGE ( 'NONE', *, *, #682, .F. ) ;
#1000 = LINE ( 'NONE', #786, #1149 ) ;
#1001 = DIRECTION ( 'NONE',  ( -1.000000000000000000, -0.000000000000000000, -0.000000000000000000 ) ) ;
#1002 = ADVANCED_FACE ( 'NONE', ( #1049 ), #302, .F. ) ;
#1003 = ORIENTED_EDGE ( 'NONE', *, *, #443, .T. ) ;
#1004 = SHAPE_REPRESENTATION_RELATIONSHIP ( 'NONE' , 'NONE' ,  #1199, #553 ) ;
#1005 = ORIENTED_EDGE ( 'NONE', *, *, #793, .T. ) ;
#1006 = CARTESIAN_POINT ( 'NONE',  ( 16.47244390456740604, 4.229999999999999538, 14.90000000000000036 ) ) ;
#1007 = VECTOR ( 'NONE', #883, 1000.000000000000000 ) ;
#1008 = CARTESIAN_POINT ( 'NONE',  ( 16.41000000000000014, 9.400000000000000355, -3.299632742307101463 ) ) ;
#1009 = AXIS2_PLACEMENT_3D ( 'NONE', #265, #1115, #163 ) ;
#1010 = DIRECTION ( 'NONE',  ( -0.000000000000000000, 1.000000000000000000, 9.061988307341512584E-16 ) ) ;
#1011 = AXIS2_PLACEMENT_3D ( 'NONE', #545, #726, #20 ) ;
#1012 = FACE_OUTER_BOUND ( 'NONE', #132, .T. ) ;
#1013 = ORIENTED_EDGE ( 'NONE', *, *, #314, .F. ) ;
#1014 = EDGE_CURVE ( 'NONE', #1269, #25, #426, .T. ) ;
#1015 = DIRECTION ( 'NONE',  ( -1.000000000000000000, -0.000000000000000000, -0.000000000000000000 ) ) ;
#1016 = CARTESIAN_POINT ( 'NONE',  ( 5.909999999999998366, -4.336808689942017736E-16, -2.000000000000000000 ) ) ;
#1017 = PRESENTATION_STYLE_ASSIGNMENT (( #391 ) ) ;
#1018 = CARTESIAN_POINT ( 'NONE',  ( 16.47244390456740604, 5.369999999999999218, 14.21313064513634394 ) ) ;
#1019 = CARTESIAN_POINT ( 'NONE',  ( 4.529999999999999361, 0.000000000000000000, -2.000000000000000000 ) ) ;
#1020 = ORIENTED_EDGE ( 'NONE', *, *, #1311, .F. ) ;
#1021 = EDGE_CURVE ( 'NONE', #1336, #996, #647, .T. ) ;
#1022 = PLANE ( 'NONE',  #481 ) ;
#1023 = DIRECTION ( 'NONE',  ( 1.000000000000000000, 0.000000000000000000, 0.000000000000000000 ) ) ;
#1024 = PLANE ( 'NONE',  #1390 ) ;
#1025 = CARTESIAN_POINT ( 'NONE',  ( -2.550000000000002931, 3.729999999999999094, -0.5700000000000001732 ) ) ;
#1026 = FACE_OUTER_BOUND ( 'NONE', #692, .T. ) ;
#1027 = EDGE_LOOP ( 'NONE', ( #1053, #804, #537, #543 ) ) ;
#1028 = LINE ( 'NONE', #922, #18 ) ;
#1029 = DIRECTION ( 'NONE',  ( 0.000000000000000000, -1.000000000000000000, -9.061988307341512584E-16 ) ) ;
#1030 = ORIENTED_EDGE ( 'NONE', *, *, #144, .F. ) ;
#1031 = DIRECTION ( 'NONE',  ( 0.000000000000000000, 0.9396926207859083169, -0.3420201433256688239 ) ) ;
#1032 = VECTOR ( 'NONE', #119, 1000.000000000000000 ) ;
#1033 = LINE ( 'NONE', #97, #1128 ) ;
#1034 = PLANE ( 'NONE',  #1278 ) ;
#1035 = VECTOR ( 'NONE', #102, 1000.000000000000000 ) ;
#1036 = DIRECTION ( 'NONE',  ( -0.3236155771181857266, -0.8891264907159880382, -0.3236155771181845608 ) ) ;
#1037 = AXIS2_PLACEMENT_3D ( 'NONE', #1250, #287, #1137 ) ;
#1038 = EDGE_LOOP ( 'NONE', ( #137, #990, #1301, #848 ) ) ;
#1039 = PLANE ( 'NONE',  #350 ) ;
#1040 = DIRECTION ( 'NONE',  ( 0.000000000000000000, 3.804218149071946023E-16, 1.000000000000000000 ) ) ;
#1041 = ORIENTED_EDGE ( 'NONE', *, *, #979, .T. ) ;
#1042 = CARTESIAN_POINT ( 'NONE',  ( 3.389999999999999680, 3.199999999999999734, -0.5699999999999998401 ) ) ;
#1043 = EDGE_CURVE ( 'NONE', #495, #772, #521, .T. ) ;
#1044 = DIRECTION ( 'NONE',  ( 1.000000000000000000, 0.000000000000000000, 0.000000000000000000 ) ) ;
#1045 = VERTEX_POINT ( 'NONE', #439 ) ;
#1046 = DIRECTION ( 'NONE',  ( 1.000000000000000000, 0.000000000000000000, -0.000000000000000000 ) ) ;
#1047 = DIRECTION ( 'NONE',  ( 0.000000000000000000, 1.000000000000000000, 0.000000000000000000 ) ) ;
#1048 =( NAMED_UNIT ( * ) PLANE_ANGLE_UNIT ( ) SI_UNIT ( $, .RADIAN. ) );
#1049 = FACE_OUTER_BOUND ( 'NONE', #1085, .T. ) ;
#1050 = FACE_OUTER_BOUND ( 'NONE', #974, .T. ) ;
#1051 = LINE ( 'NONE', #625, #1249 ) ;
#1052 = PLANE ( 'NONE',  #242 ) ;
#1053 = ORIENTED_EDGE ( 'NONE', *, *, #1396, .T. ) ;
#1054 = CARTESIAN_POINT ( 'NONE',  ( -1.410000000000001474, 3.729999999999999094, -0.5700000000000001732 ) ) ;
#1055 = CARTESIAN_POINT ( 'NONE',  ( -2.550000000000002931, -2.913130645136344565, -0.5700000000000007283 ) ) ;
#1056 = CARTESIAN_POINT ( 'NONE',  ( -1.950000000000000400, -4.336808689942017736E-16, 4.799999999999999822 ) ) ;
#1057 = CARTESIAN_POINT ( 'NONE',  ( 4.529999999999999361, 0.000000000000000000, 0.000000000000000000 ) ) ;
#1058 = FACE_OUTER_BOUND ( 'NONE', #473, .T. ) ;
#1059 = AXIS2_PLACEMENT_3D ( 'NONE', #1169, #1160, #445 ) ;
#1060 = VECTOR ( 'NONE', #1266, 1000.000000000000000 ) ;
#1061 = EDGE_LOOP ( 'NONE', ( #756, #58, #222, #1166 ) ) ;
#1062 = DIRECTION ( 'NONE',  ( 0.000000000000000000, 0.000000000000000000, 1.000000000000000000 ) ) ;
#1063 = VECTOR ( 'NONE', #400, 1000.000000000000000 ) ;
#1064 = EDGE_CURVE ( 'NONE', #587, #17, #89, .T. ) ;
#1065 = SHAPE_REPRESENTATION_RELATIONSHIP ( 'NONE' , 'NONE' ,  #431, #1287 ) ;
#1066 = DIRECTION ( 'NONE',  ( -0.000000000000000000, 1.000000000000000000, 0.000000000000000000 ) ) ;
#1067 = CARTESIAN_POINT ( 'NONE',  ( 16.41000000000000014, 9.400000000000000355, -2.400367257692822331 ) ) ;
#1068 = VERTEX_POINT ( 'NONE', #860 ) ;
#1069 = ORIENTED_EDGE ( 'NONE', *, *, #1368, .F. ) ;
#1070 = EDGE_CURVE ( 'NONE', #523, #442, #743, .T. ) ;
#1071 = DIRECTION ( 'NONE',  ( -1.000000000000000000, 0.000000000000000000, 0.000000000000000000 ) ) ;
#1072 = DIRECTION ( 'NONE',  ( -1.000000000000000000, 0.000000000000000000, 0.000000000000000000 ) ) ;
#1073 = PRODUCT ( 'pin^BxPS-VH ass', 'pin^BxPS-VH ass', '', ( #572 ) ) ;
#1074 = DIRECTION ( 'NONE',  ( 0.000000000000000000, 0.000000000000000000, -1.000000000000000000 ) ) ;
#1075 = FACE_OUTER_BOUND ( 'NONE', #568, .T. ) ;
#1076 = ORIENTED_EDGE ( 'NONE', *, *, #1368, .T. ) ;
#1077 = PLANE ( 'NONE',  #417 ) ;
#1078 =( LENGTH_UNIT ( ) NAMED_UNIT ( * ) SI_UNIT ( .MILLI., .METRE. ) );
#1079 = CARTESIAN_POINT ( 'NONE',  ( -0.3340174833904724361, -9.001492571427268885, -1.645982516609536317 ) ) ;
#1080 = EDGE_CURVE ( 'NONE', #25, #964, #948, .T. ) ;
#1081 = PLANE ( 'NONE',  #148 ) ;
#1082 = EDGE_LOOP ( 'NONE', ( #55, #209, #1345, #1320 ) ) ;
#1083 = VECTOR ( 'NONE', #1001, 1000.000000000000000 ) ;
#1084 = VECTOR ( 'NONE', #500, 1000.000000000000000 ) ;
#1085 = EDGE_LOOP ( 'NONE', ( #1344, #252, #792, #200 ) ) ;
#1086 = VECTOR ( 'NONE', #1395, 1000.000000000000000 ) ;
#1087 = CONTEXT_DEPENDENT_SHAPE_REPRESENTATION ( #1185, #125 ) ;
#1088 = DIRECTION ( 'NONE',  ( -1.000000000000000000, 0.000000000000000000, -0.000000000000000000 ) ) ;
#1089 = EDGE_CURVE ( 'NONE', #773, #964, #937, .T. ) ;
#1090 =( NAMED_UNIT ( * ) SI_UNIT ( $, .STERADIAN. ) SOLID_ANGLE_UNIT ( ) );
#1091 = VERTEX_POINT ( 'NONE', #632 ) ;
#1092 = UNCERTAINTY_MEASURE_WITH_UNIT (LENGTH_MEASURE( 1.000000000000000082E-05 ), #1078, 'distance_accuracy_value', 'NONE');
#1093 = VERTEX_POINT ( 'NONE', #1056 ) ;
#1094 = PRODUCT_DEFINITION_SHAPE ( 'NONE', 'NONE',  #716 ) ;
#1095 = CARTESIAN_POINT ( 'NONE',  ( -1.950000000000000400, -4.336808689942017736E-16, 4.799999999999999822 ) ) ;
#1096 = EDGE_LOOP ( 'NONE', ( #1373, #612, #544, #942 ) ) ;
#1097 = DIRECTION ( 'NONE',  ( 1.000000000000000000, 0.000000000000000000, 0.000000000000000000 ) ) ;
#1098 = ORIENTED_EDGE ( 'NONE', *, *, #343, .F. ) ;
#1099 = DIRECTION ( 'NONE',  ( 1.000000000000000000, 0.000000000000000000, -0.000000000000000000 ) ) ;
#1100 = EDGE_LOOP ( 'NONE', ( #1069, #297, #437, #516 ) ) ;
#1101 = VERTEX_POINT ( 'NONE', #1042 ) ;
#1102 = ITEM_DEFINED_TRANSFORMATION ( 'NONE', 'NONE', #657,  #1392 ) ;
#1103 = VECTOR ( 'NONE', #433, 1000.000000000000114 ) ;
#1104 = EDGE_CURVE ( 'NONE', #637, #587, #847, .T. ) ;
#1105 = LINE ( 'NONE', #787, #1148 ) ;
#1106 = VERTEX_POINT ( 'NONE', #953 ) ;
#1107 = EDGE_LOOP ( 'NONE', ( #112, #815, #999, #162 ) ) ;
#1108 = FACE_OUTER_BOUND ( 'NONE', #776, .T. ) ;
#1109 = EDGE_CURVE ( 'NONE', #424, #587, #13, .T. ) ;
#1110 = DIRECTION ( 'NONE',  ( 0.000000000000000000, 1.000000000000000000, 0.000000000000000000 ) ) ;
#1111 = ORIENTED_EDGE ( 'NONE', *, *, #1308, .T. ) ;
#1112 =( NAMED_UNIT ( * ) PLANE_ANGLE_UNIT ( ) SI_UNIT ( $, .RADIAN. ) );
#1113 = CARTESIAN_POINT ( 'NONE',  ( -0.5700000000000010614, 9.400000000000000355, -2.400367257692822331 ) ) ;
#1114 = VERTEX_POINT ( 'NONE', #749 ) ;
#1115 = DIRECTION ( 'NONE',  ( 0.000000000000000000, -1.000000000000000000, 0.000000000000000000 ) ) ;
#1116 = FACE_OUTER_BOUND ( 'NONE', #215, .T. ) ;
#1117 = DIRECTION ( 'NONE',  ( 1.000000000000000000, 0.000000000000000000, 0.000000000000000000 ) ) ;
#1118 = EDGE_CURVE ( 'NONE', #289, #1131, #1182, .T. ) ;
#1119 = LINE ( 'NONE', #820, #1202 ) ;
#1120 = CARTESIAN_POINT ( 'NONE',  ( -2.550000000000002931, 4.229999999999999538, 14.90000000000000036 ) ) ;
#1121 = ORIENTED_EDGE ( 'NONE', *, *, #468, .F. ) ;
#1122 = LINE ( 'NONE', #693, #130 ) ;
#1123 = AXIS2_PLACEMENT_3D ( 'NONE', #1237, #675, #53 ) ;
#1124 = CARTESIAN_POINT ( 'NONE',  ( -2.550000000000002931, 4.229999999999999538, 14.21313064513634394 ) ) ;
#1125 = CARTESIAN_POINT ( 'NONE',  ( -2.300000000000003375, -3.599999999999999645, -0.5700000000000008393 ) ) ;
#1126 = VECTOR ( 'NONE', #1372, 1000.000000000000000 ) ;
#1127 = CARTESIAN_POINT ( 'NONE',  ( 4.530000000000002025, -4.336808689942017736E-16, 0.5699999999999985079 ) ) ;
#1128 = VECTOR ( 'NONE', #207, 1000.000000000000000 ) ;
#1129 = CARTESIAN_POINT ( 'NONE',  ( 0.5699999999999985079, 3.199999999999999734, 0.5699999999999985079 ) ) ;
#1130 = ADVANCED_FACE ( 'NONE', ( #539 ), #1147, .F. ) ;
#1131 = VERTEX_POINT ( 'NONE', #548 ) ;
#1132 = LINE ( 'NONE', #594, #152 ) ;
#1133 = CARTESIAN_POINT ( 'NONE',  ( 5.909999999999998366, -4.336808689942017736E-16, -2.000000000000000000 ) ) ;
#1134 = DIRECTION ( 'NONE',  ( -0.000000000000000000, -0.000000000000000000, 1.000000000000000000 ) ) ;
#1135 = LINE ( 'NONE', #712, #150 ) ;
#1136 = APPLICATION_CONTEXT ( 'automotive_design' ) ;
#1137 = DIRECTION ( 'NONE',  ( 0.000000000000000000, -0.7071067811865479058, 0.7071067811865472397 ) ) ;
#1138 = ORIENTED_EDGE ( 'NONE', *, *, #206, .T. ) ;
#1139 = DIRECTION ( 'NONE',  ( -0.000000000000000000, 1.000000000000000000, 0.000000000000000000 ) ) ;
#1140 = CARTESIAN_POINT ( 'NONE',  ( -1.888602580813660836, -4.228080428814576130, -0.09139741918634189388 ) ) ;
#1141 = LINE ( 'NONE', #903, #1203 ) ;
#1142 = ORIENTED_EDGE ( 'NONE', *, *, #228, .F. ) ;
#1143 = CARTESIAN_POINT ( 'NONE',  ( 4.529999999999999361, 7.200000000000011724, -3.199999999999925127 ) ) ;
#1144 = ADVANCED_FACE ( 'NONE', ( #47, #470, #1304 ), #969, .T. ) ;
#1145 = PLANE ( 'NONE',  #39 ) ;
#1146 = CARTESIAN_POINT ( 'NONE',  ( -2.300000000000003375, -3.599999999999999201, 0.5699999999999990630 ) ) ;
#1147 = CYLINDRICAL_SURFACE ( 'NONE', #1338, 0.5000000000000002220 ) ;
#1148 = VECTOR ( 'NONE', #274, 1000.000000000000000 ) ;
#1149 = VECTOR ( 'NONE', #1332, 1000.000000000000114 ) ;
#1150 = CARTESIAN_POINT ( 'NONE',  ( 5.909999999999998366, -4.336808689942017736E-16, 4.799999999999999822 ) ) ;
#1151 = EDGE_LOOP ( 'NONE', ( #389, #365, #341, #1255 ) ) ;
#1152 = DIRECTION ( 'NONE',  ( -1.000000000000000000, 0.000000000000000000, 0.000000000000000000 ) ) ;
#1153 = ORIENTED_EDGE ( 'NONE', *, *, #1089, .F. ) ;
#1154 = DIRECTION ( 'NONE',  ( 1.000000000000000000, 0.000000000000000000, 0.000000000000000000 ) ) ;
#1155 = EDGE_CURVE ( 'NONE', #772, #1317, #708, .T. ) ;
#1156 = DIRECTION ( 'NONE',  ( -0.3236155771181896124, -0.3236155771181883911, 0.8891264907159852626 ) ) ;
#1157 = CARTESIAN_POINT ( 'NONE',  ( -2.206792932839356958, -3.856084312357466626, -0.2267929328393535893 ) ) ;
#1158 = ORIENTED_EDGE ( 'NONE', *, *, #328, .F. ) ;
#1159 = LINE ( 'NONE', #1377, #131 ) ;
#1160 = DIRECTION ( 'NONE',  ( -1.000000000000000000, 0.000000000000000000, 0.000000000000000000 ) ) ;
#1161 = DIRECTION ( 'NONE',  ( 0.000000000000000000, 1.000000000000000000, 8.874779038080531214E-17 ) ) ;
#1162 = CARTESIAN_POINT ( 'NONE',  ( 0.5699999999999985079, 3.199999999999999734, -0.5699999999999998401 ) ) ;
#1163 = DIRECTION ( 'NONE',  ( 0.000000000000000000, 0.000000000000000000, -1.000000000000000000 ) ) ;
#1164 = EDGE_CURVE ( 'NONE', #151, #304, #1346, .T. ) ;
#1165 = ORIENTED_EDGE ( 'NONE', *, *, #290, .F. ) ;
#1166 = ORIENTED_EDGE ( 'NONE', *, *, #1080, .F. ) ;
#1167 = CARTESIAN_POINT ( 'NONE',  ( -1.950000000000000400, -4.336808689942017736E-16, -2.000000000000000000 ) ) ;
#1168 = APPLICATION_PROTOCOL_DEFINITION ( 'draft international standard', 'automotive_design', 1998, #12 ) ;
#1169 = CARTESIAN_POINT ( 'NONE',  ( -1.950000000000000400, -4.336808689942017736E-16, 4.799999999999999822 ) ) ;
#1170 = CARTESIAN_POINT ( 'NONE',  ( 0.5699999999999985079, -4.336808689942017736E-16, -0.5699999999999998401 ) ) ;
#1171 = CARTESIAN_POINT ( 'NONE',  ( -1.410000000000001474, 5.369999999999999218, 1.069999999999999840 ) ) ;
#1172 = AXIS2_PLACEMENT_3D ( 'NONE', #425, #778, #116 ) ;
#1173 = FILL_AREA_STYLE ('',( #971 ) ) ;
#1174 = VECTOR ( 'NONE', #1072, 1000.000000000000000 ) ;
#1175 = ORIENTED_EDGE ( 'NONE', *, *, #863, .T. ) ;
#1176 = PRODUCT_RELATED_PRODUCT_CATEGORY ( 'part', '', ( #1388 ) ) ;
#1177 = COLOUR_RGB ( '',1.000000000000000000, 1.000000000000000000, 1.000000000000000000 ) ;
#1178 = VECTOR ( 'NONE', #1152, 1000.000000000000000 ) ;
#1179 = VERTEX_POINT ( 'NONE', #573 ) ;
#1180 = SURFACE_SIDE_STYLE ('',( #115 ) ) ;
#1181 = LINE ( 'NONE', #1291, #745 ) ;
#1182 = LINE ( 'NONE', #227, #1174 ) ;
#1183 = DIRECTION ( 'NONE',  ( 0.000000000000000000, 1.000000000000000000, 0.000000000000000000 ) ) ;
#1184 = ORIENTED_EDGE ( 'NONE', *, *, #652, .F. ) ;
#1185 =( REPRESENTATION_RELATIONSHIP ('NONE','NONE', #599, #1199 ) REPRESENTATION_RELATIONSHIP_WITH_TRANSFORMATION ( #1102 )SHAPE_REPRESENTATION_RELATIONSHIP( ) );
#1186 = ORIENTED_EDGE ( 'NONE', *, *, #484, .F. ) ;
#1187 = DIRECTION ( 'NONE',  ( 0.000000000000000000, 3.804218149071946023E-16, 1.000000000000000000 ) ) ;
#1188 =( NAMED_UNIT ( * ) PLANE_ANGLE_UNIT ( ) SI_UNIT ( $, .RADIAN. ) );
#1189 = EDGE_CURVE ( 'NONE', #5, #1314, #476, .T. ) ;
#1190 =( LENGTH_UNIT ( ) NAMED_UNIT ( * ) SI_UNIT ( .MILLI., .METRE. ) );
#1191 = VERTEX_POINT ( 'NONE', #601 ) ;
#1192 = ORIENTED_EDGE ( 'NONE', *, *, #299, .T. ) ;
#1193 = DIRECTION ( 'NONE',  ( -1.000000000000000000, 0.000000000000000000, 0.000000000000000000 ) ) ;
#1194 = EDGE_CURVE ( 'NONE', #452, #223, #1221, .T. ) ;
#1195 = CARTESIAN_POINT ( 'NONE',  ( 16.47244390456740604, 5.369999999999999218, 14.90000000000000036 ) ) ;
#1196 = CARTESIAN_POINT ( 'NONE',  ( -2.300000000000003375, -3.599999999999999645, -0.3200000000000003397 ) ) ;
#1197 = ORIENTED_EDGE ( 'NONE', *, *, #946, .F. ) ;
#1198 = VECTOR ( 'NONE', #420, 1000.000000000000000 ) ;
#1199 = SHAPE_REPRESENTATION ( 'BxPS-VH_2', ( #1392 ), #700 ) ;
#1200 = VECTOR ( 'NONE', #301, 1000.000000000000000 ) ;
#1201 = VERTEX_POINT ( 'NONE', #490 ) ;
#1202 = VECTOR ( 'NONE', #294, 1000.000000000000000 ) ;
#1203 = VECTOR ( 'NONE', #828, 1000.000000000000000 ) ;
#1204 = DIRECTION ( 'NONE',  ( 1.000000000000000000, 0.000000000000000000, 0.000000000000000000 ) ) ;
#1205 = DIRECTION ( 'NONE',  ( 0.000000000000000000, 0.000000000000000000, 1.000000000000000000 ) ) ;
#1206 = EDGE_CURVE ( 'NONE', #1091, #463, #1000, .T. ) ;
#1207 = ORIENTED_EDGE ( 'NONE', *, *, #1164, .F. ) ;
#1208 = ORIENTED_EDGE ( 'NONE', *, *, #839, .T. ) ;
#1209 = DIRECTION ( 'NONE',  ( 0.000000000000000000, 1.000000000000000000, 5.225070710773516837E-17 ) ) ;
#1210 = ORIENTED_EDGE ( 'NONE', *, *, #343, .T. ) ;
#1211 = EDGE_CURVE ( 'NONE', #891, #1269, #905, .T. ) ;
#1212 = DIRECTION ( 'NONE',  ( -0.3236155771181839502, 0.8891264907159885933, 0.3236155771181847829 ) ) ;
#1213 = ORIENTED_EDGE ( 'NONE', *, *, #161, .F. ) ;
#1214 = DIRECTION ( 'NONE',  ( -1.000000000000000000, -0.000000000000000000, -0.000000000000000000 ) ) ;
#1215 = ORIENTED_EDGE ( 'NONE', *, *, #364, .F. ) ;
#1216 = LINE ( 'NONE', #155, #1244 ) ;
#1217 = VECTOR ( 'NONE', #742, 1000.000000000000000 ) ;
#1218 = ORIENTED_EDGE ( 'NONE', *, *, #962, .F. ) ;
#1219 = EDGE_CURVE ( 'NONE', #323, #617, #1235, .T. ) ;
#1220 = VECTOR ( 'NONE', #755, 1000.000000000000000 ) ;
#1221 = LINE ( 'NONE', #77, #875 ) ;
#1222 =( GEOMETRIC_REPRESENTATION_CONTEXT ( 3 ) GLOBAL_UNCERTAINTY_ASSIGNED_CONTEXT ( ( #354 ) ) GLOBAL_UNIT_ASSIGNED_CONTEXT ( ( #807, #1048, #203 ) ) REPRESENTATION_CONTEXT ( 'NONE', 'WORKASPACE' ) );
#1223 = VECTOR ( 'NONE', #603, 1000.000000000000000 ) ;
#1224 = LINE ( 'NONE', #146, #1335 ) ;
#1225 = CARTESIAN_POINT ( 'NONE',  ( -1.660000000000001696, -3.599999999999999201, 0.5699999999999990630 ) ) ;
#1226 = EDGE_LOOP ( 'NONE', ( #1138, #51, #1369, #64, #142, #864, #724, #488 ) ) ;
#1227 = ORIENTED_EDGE ( 'NONE', *, *, #754, .F. ) ;
#1228 = DIRECTION ( 'NONE',  ( -0.000000000000000000, 1.000000000000000000, 1.183303871744070746E-16 ) ) ;
#1229 = EDGE_CURVE ( 'NONE', #617, #114, #687, .T. ) ;
#1230 = CARTESIAN_POINT ( 'NONE',  ( -2.299999999999999822, 5.369999999999999218, 14.90000000000000036 ) ) ;
#1231 = CARTESIAN_POINT ( 'NONE',  ( 5.909999999999998366, 3.199999999999999734, 4.799999999999999822 ) ) ;
#1232 = DIRECTION ( 'NONE',  ( 0.000000000000000000, -1.000000000000000000, -5.225070710773516221E-17 ) ) ;
#1233 = PRODUCT_DEFINITION_CONTEXT ( 'detailed design', #12, 'design' ) ;
#1234 = ORIENTED_EDGE ( 'NONE', *, *, #144, .T. ) ;
#1235 = LINE ( 'NONE', #272, #59 ) ;
#1236 = CARTESIAN_POINT ( 'NONE',  ( 16.41000000000000014, 7.488675134594828364, -3.699999999999922018 ) ) ;
#1237 = CARTESIAN_POINT ( 'NONE',  ( 16.47244390456740604, 5.119999999999994778, 14.90000000000000036 ) ) ;
#1238 = LINE ( 'NONE', #575, #895 ) ;
#1239 = EDGE_CURVE ( 'NONE', #442, #1106, #1122, .T. ) ;
#1240 = ORIENTED_EDGE ( 'NONE', *, *, #468, .T. ) ;
#1241 = CARTESIAN_POINT ( 'NONE',  ( -2.550000000000002931, 4.229999999999999538, 1.069999999999999840 ) ) ;
#1242 = ORIENTED_EDGE ( 'NONE', *, *, #659, .T. ) ;
#1243 = DIRECTION ( 'NONE',  ( -0.000000000000000000, 1.000000000000000000, 0.000000000000000000 ) ) ;
#1244 = VECTOR ( 'NONE', #829, 1000.000000000000000 ) ;
#1245 = CARTESIAN_POINT ( 'NONE',  ( 4.530000000000002025, 3.199999999999999734, -0.5699999999999998401 ) ) ;
#1246 = DIRECTION ( 'NONE',  ( 0.000000000000000000, -9.061988307341512584E-16, 1.000000000000000000 ) ) ;
#1247 = VECTOR ( 'NONE', #1010, 1000.000000000000000 ) ;
#1248 = LINE ( 'NONE', #387, #240 ) ;
#1249 = VECTOR ( 'NONE', #1156, 999.9999999999998863 ) ;
#1250 = CARTESIAN_POINT ( 'NONE',  ( 16.41000000000000014, 0.4999999999999995559, -3.199999999999931344 ) ) ;
#1251 = ADVANCED_FACE ( 'NONE', ( #367 ), #1022, .T. ) ;
#1252 = ORIENTED_EDGE ( 'NONE', *, *, #906, .T. ) ;
#1253 = DIRECTION ( 'NONE',  ( -0.000000000000000000, 0.5000000000000069944, -0.8660254037844344888 ) ) ;
#1254 = CARTESIAN_POINT ( 'NONE',  ( 5.909999999999998366, -4.336808689942017736E-16, -2.000000000000000000 ) ) ;
#1255 = ORIENTED_EDGE ( 'NONE', *, *, #1294, .F. ) ;
#1256 = LINE ( 'NONE', #1231, #837 ) ;
#1257 = CARTESIAN_POINT ( 'NONE',  ( -1.410000000000001474, -2.913130645136343677, 0.5699999999999991740 ) ) ;
#1258 = CARTESIAN_POINT ( 'NONE',  ( -2.550000000000002931, -2.913130645136343677, 0.5699999999999991740 ) ) ;
#1259 = ORIENTED_EDGE ( 'NONE', *, *, #562, .F. ) ;
#1260 = ADVANCED_FACE ( 'NONE', ( #1108 ), #52, .F. ) ;
#1261 = DIRECTION ( 'NONE',  ( -1.000000000000000000, -0.000000000000000000, -0.000000000000000000 ) ) ;
#1262 = ADVANCED_FACE ( 'NONE', ( #892, #1339, #376 ), #281, .F. ) ;
#1263 = CARTESIAN_POINT ( 'NONE',  ( -0.5700000000000010614, 7.488675134594828364, -3.699999999999922018 ) ) ;
#1264 = PLANE ( 'NONE',  #638 ) ;
#1265 = ORIENTED_EDGE ( 'NONE', *, *, #57, .T. ) ;
#1266 = DIRECTION ( 'NONE',  ( 0.000000000000000000, -0.000000000000000000, -1.000000000000000000 ) ) ;
#1267 = DIRECTION ( 'NONE',  ( 1.000000000000000000, 0.000000000000000000, 0.000000000000000000 ) ) ;
#1268 = FACE_OUTER_BOUND ( 'NONE', #701, .T. ) ;
#1269 = VERTEX_POINT ( 'NONE', #60 ) ;
#1270 = EDGE_CURVE ( 'NONE', #480, #891, #1132, .T. ) ;
#1271 = DIRECTION ( 'NONE',  ( 0.000000000000000000, 0.000000000000000000, 1.000000000000000000 ) ) ;
#1272 = DIRECTION ( 'NONE',  ( -0.000000000000000000, -0.000000000000000000, -1.000000000000000000 ) ) ;
#1273 = CARTESIAN_POINT ( 'NONE',  ( -2.550000000000002931, 3.729999999999999094, 0.5699999999999997291 ) ) ;
#1274 = MECHANICAL_DESIGN_GEOMETRIC_PRESENTATION_REPRESENTATION (  '', ( #11 ), #192 ) ;
#1275 = AXIS2_PLACEMENT_3D ( 'NONE', #1006, #1243, #794 ) ;
#1276 = LINE ( 'NONE', #1157, #505 ) ;
#1277 = VECTOR ( 'NONE', #517, 1000.000000000000000 ) ;
#1278 = AXIS2_PLACEMENT_3D ( 'NONE', #388, #85, #803 ) ;
#1279 = VERTEX_POINT ( 'NONE', #210 ) ;
#1280 =( LENGTH_UNIT ( ) NAMED_UNIT ( * ) SI_UNIT ( .MILLI., .METRE. ) );
#1281 = PLANE ( 'NONE',  #1172 ) ;
#1282 = CARTESIAN_POINT ( 'NONE',  ( 16.41000000000000014, 7.200000000000011724, -3.199999999999925127 ) ) ;
#1283 = ORIENTED_EDGE ( 'NONE', *, *, #1323, .T. ) ;
#1284 = DIRECTION ( 'NONE',  ( 0.000000000000000000, -1.000000000000000000, -8.874779038080531214E-17 ) ) ;
#1285 = EDGE_CURVE ( 'NONE', #605, #838, #824, .T. ) ;
#1286 = CARTESIAN_POINT ( 'NONE',  ( -2.299999999999999822, 5.119999999999994778, 14.90000000000000036 ) ) ;
#1287 = ADVANCED_BREP_SHAPE_REPRESENTATION ( '', ( #771, #1392 ), #968 ) ;
#1288 = EDGE_LOOP ( 'NONE', ( #1242, #1265, #1376, #279 ) ) ;
#1289 = ORIENTED_EDGE ( 'NONE', *, *, #484, .T. ) ;
#1290 = DIRECTION ( 'NONE',  ( 0.000000000000000000, 0.000000000000000000, 1.000000000000000000 ) ) ;
#1291 = CARTESIAN_POINT ( 'NONE',  ( -2.550000000000002931, 3.729999999999999094, -0.5699999999999999512 ) ) ;
#1292 = PLANE ( 'NONE',  #857 ) ;
#1293 = CARTESIAN_POINT ( 'NONE',  ( 4.529999999999999361, 9.400000000000000355, -3.299632742307101463 ) ) ;
#1294 = EDGE_CURVE ( 'NONE', #1317, #933, #1159, .T. ) ;
#1295 = ORIENTED_EDGE ( 'NONE', *, *, #443, .F. ) ;
#1296 = DIRECTION ( 'NONE',  ( 0.000000000000000000, 1.000000000000000000, 0.000000000000000000 ) ) ;
#1297 = CARTESIAN_POINT ( 'NONE',  ( -0.5700000000000036149, -4.336808689942017736E-16, -0.5699999999999998401 ) ) ;
#1298 = VECTOR ( 'NONE', #585, 1000.000000000000000 ) ;
#1299 = CARTESIAN_POINT ( 'NONE',  ( -1.950000000000000400, 3.199999999999999734, 4.799999999999999822 ) ) ;
#1300 = VECTOR ( 'NONE', #842, 1000.000000000000227 ) ;
#1301 = ORIENTED_EDGE ( 'NONE', *, *, #128, .T. ) ;
#1302 = ORIENTED_EDGE ( 'NONE', *, *, #161, .T. ) ;
#1303 = CARTESIAN_POINT ( 'NONE',  ( -1.979999999999999094, 4.799999999999999822, 4.000000000000000000 ) ) ;
#1304 = FACE_BOUND ( 'NONE', #449, .T. ) ;
#1305 = CARTESIAN_POINT ( 'NONE',  ( 16.47244390456740604, 3.729999999999999094, 1.069999999999999840 ) ) ;
#1306 = ORIENTED_EDGE ( 'NONE', *, *, #128, .F. ) ;
#1307 = ORIENTED_EDGE ( 'NONE', *, *, #1070, .F. ) ;
#1308 = EDGE_CURVE ( 'NONE', #933, #442, #1364, .T. ) ;
#1309 = APPLICATION_PROTOCOL_DEFINITION ( 'draft international standard', 'automotive_design', 1998, #1136 ) ;
#1310 = PLANE ( 'NONE',  #16 ) ;
#1311 = EDGE_CURVE ( 'NONE', #784, #605, #630, .T. ) ;
#1312 = PRODUCT_DEFINITION_SHAPE ( 'NONE', 'NONE',  #1329 ) ;
#1313 = PRESENTATION_STYLE_ASSIGNMENT (( #229 ) ) ;
#1314 = VERTEX_POINT ( 'NONE', #645 ) ;
#1315 = UNCERTAINTY_MEASURE_WITH_UNIT (LENGTH_MEASURE( 1.000000000000000082E-05 ), #15, 'distance_accuracy_value', 'NONE');
#1316 = EDGE_LOOP ( 'NONE', ( #680, #271, #65, #1218 ) ) ;
#1317 = VERTEX_POINT ( 'NONE', #1054 ) ;
#1318 = AXIS2_PLACEMENT_3D ( 'NONE', #158, #164, #477 ) ;
#1319 = CIRCLE ( 'NONE', #504, 0.5000000000000002220 ) ;
#1320 = ORIENTED_EDGE ( 'NONE', *, *, #1104, .T. ) ;
#1321 = AXIS2_PLACEMENT_3D ( 'NONE', #379, #1375, #917 ) ;
#1322 = DIRECTION ( 'NONE',  ( -0.3236155771181873919, -0.3236155771181886132, -0.8891264907159859288 ) ) ;
#1323 = EDGE_CURVE ( 'NONE', #1114, #1269, #717, .T. ) ;
#1324 = VERTEX_POINT ( 'NONE', #921 ) ;
#1325 =( NAMED_UNIT ( * ) PLANE_ANGLE_UNIT ( ) SI_UNIT ( $, .RADIAN. ) );
#1326 = ORIENTED_EDGE ( 'NONE', *, *, #916, .F. ) ;
#1327 = DIRECTION ( 'NONE',  ( -1.000000000000000000, -0.000000000000000000, -0.000000000000000000 ) ) ;
#1328 = PLANE ( 'NONE',  #1123 ) ;
#1329 = PRODUCT_DEFINITION ( 'UNKNOWN', '', #813, #667 ) ;
#1330 = ORIENTED_EDGE ( 'NONE', *, *, #885, .T. ) ;
#1331 = ORIENTED_EDGE ( 'NONE', *, *, #1294, .T. ) ;
#1332 = DIRECTION ( 'NONE',  ( -0.000000000000000000, 0.9396926207859080948, 0.3420201433256694346 ) ) ;
#1333 = CARTESIAN_POINT ( 'NONE',  ( 4.530000000000002025, -4.336808689942017736E-16, -0.5699999999999998401 ) ) ;
#1334 = ORIENTED_EDGE ( 'NONE', *, *, #224, .F. ) ;
#1335 = VECTOR ( 'NONE', #1322, 1000.000000000000114 ) ;
#1336 = VERTEX_POINT ( 'NONE', #1143 ) ;
#1337 = EDGE_CURVE ( 'NONE', #223, #154, #193, .T. ) ;
#1338 = AXIS2_PLACEMENT_3D ( 'NONE', #250, #1327, #993 ) ;
#1339 = FACE_BOUND ( 'NONE', #992, .T. ) ;
#1340 = AXIS2_PLACEMENT_3D ( 'NONE', #325, #1046, #952 ) ;
#1341 = VECTOR ( 'NONE', #270, 1000.000000000000000 ) ;
#1342 = PLANE ( 'NONE',  #722 ) ;
#1343 = DIRECTION ( 'NONE',  ( -1.000000000000000000, 0.000000000000000000, 0.000000000000000000 ) ) ;
#1344 = ORIENTED_EDGE ( 'NONE', *, *, #288, .F. ) ;
#1345 = ORIENTED_EDGE ( 'NONE', *, *, #206, .F. ) ;
#1346 = LINE ( 'NONE', #399, #371 ) ;
#1347 = CARTESIAN_POINT ( 'NONE',  ( 4.529999999999999361, -4.336808689942017736E-16, -2.699999999999931788 ) ) ;
#1348 = DIRECTION ( 'NONE',  ( -0.000000000000000000, 1.000000000000000000, -3.741739237146844007E-15 ) ) ;
#1349 = DIRECTION ( 'NONE',  ( -1.000000000000000000, -0.000000000000000000, -0.000000000000000000 ) ) ;
#1350 = DIRECTION ( 'NONE',  ( -1.000000000000000000, 0.000000000000000000, -0.000000000000000000 ) ) ;
#1351 = ORIENTED_EDGE ( 'NONE', *, *, #49, .F. ) ;
#1352 = DIRECTION ( 'NONE',  ( 0.000000000000000000, 0.7071067811865479058, -0.7071067811865472397 ) ) ;
#1353 = LINE ( 'NONE', #174, #1178 ) ;
#1354 = FILL_AREA_STYLE ('',( #623 ) ) ;
#1355 = CARTESIAN_POINT ( 'NONE',  ( -0.5700000000000010614, 7.200000000000011724, -3.199999999999925127 ) ) ;
#1356 = CARTESIAN_POINT ( 'NONE',  ( 5.909999999999998366, 0.000000000000000000, 0.000000000000000000 ) ) ;
#1357 = ORIENTED_EDGE ( 'NONE', *, *, #602, .F. ) ;
#1358 = DIRECTION ( 'NONE',  ( -0.000000000000000000, 3.804218149071946023E-16, 1.000000000000000000 ) ) ;
#1359 = AXIS2_PLACEMENT_3D ( 'NONE', #989, #456, #994 ) ;
#1360 = PLANE ( 'NONE',  #462 ) ;
#1361 = CARTESIAN_POINT ( 'NONE',  ( 4.529999999999999361, 8.300000000000000711, -1.999999999999999556 ) ) ;
#1362 = VECTOR ( 'NONE', #1154, 1000.000000000000000 ) ;
#1363 = LINE ( 'NONE', #1018, #81 ) ;
#1364 = CIRCLE ( 'NONE', #1340, 1.639999999999999902 ) ;
#1365 = DIRECTION ( 'NONE',  ( -1.000000000000000000, 0.000000000000000000, 0.000000000000000000 ) ) ;
#1366 = ADVANCED_FACE ( 'NONE', ( #232 ), #967, .F. ) ;
#1367 = CARTESIAN_POINT ( 'NONE',  ( 16.47244390456740604, 4.480000000000003091, 14.90000000000000036 ) ) ;
#1368 = EDGE_CURVE ( 'NONE', #1068, #1279, #1119, .T. ) ;
#1369 = ORIENTED_EDGE ( 'NONE', *, *, #1155, .T. ) ;
#1370 = FILL_AREA_STYLE_COLOUR ( '', #640 ) ;
#1371 = DIRECTION ( 'NONE',  ( -1.000000000000000000, 0.000000000000000000, 0.000000000000000000 ) ) ;
#1372 = DIRECTION ( 'NONE',  ( 1.000000000000000000, 0.000000000000000000, 0.000000000000000000 ) ) ;
#1373 = ORIENTED_EDGE ( 'NONE', *, *, #973, .T. ) ;
#1374 = DIRECTION ( 'NONE',  ( 0.000000000000000000, -1.183303871744070746E-16, 1.000000000000000000 ) ) ;
#1375 = DIRECTION ( 'NONE',  ( -0.000000000000000000, 3.741739237146844007E-15, 1.000000000000000000 ) ) ;
#1376 = ORIENTED_EDGE ( 'NONE', *, *, #393, .T. ) ;
#1377 = CARTESIAN_POINT ( 'NONE',  ( 16.47244390456740604, 3.729999999999999094, -0.5700000000000001732 ) ) ;
#1378 = LINE ( 'NONE', #187, #1223 ) ;
#1379 = CARTESIAN_POINT ( 'NONE',  ( 3.389999999999999680, 3.199999999999999734, -0.5699999999999998401 ) ) ;
#1380 = CARTESIAN_POINT ( 'NONE',  ( 4.529999999999999361, 7.488675134594828364, -3.699999999999922018 ) ) ;
#1381 = LINE ( 'NONE', #390, #173 ) ;
#1382 =( REPRESENTATION_RELATIONSHIP ('NONE','NONE', #599, #431 ) REPRESENTATION_RELATIONSHIP_WITH_TRANSFORMATION ( #403 )SHAPE_REPRESENTATION_RELATIONSHIP( ) );
#1383 = ORIENTED_EDGE ( 'NONE', *, *, #906, .F. ) ;
#1384 = EDGE_CURVE ( 'NONE', #649, #191, #1033, .T. ) ;
#1385 = APPLICATION_PROTOCOL_DEFINITION ( 'draft international standard', 'automotive_design', 1998, #494 ) ;
#1386 = CARTESIAN_POINT ( 'NONE',  ( 4.529999999999999361, 7.200000000000011724, -3.199999999999925127 ) ) ;
#1387 = DIRECTION ( 'NONE',  ( -0.000000000000000000, 0.8660254037844345998, 0.5000000000000071054 ) ) ;
#1388 = PRODUCT ( 'B2PS-VH', 'B2PS-VH', '', ( #93 ) ) ;
#1389 = AXIS2_PLACEMENT_3D ( 'NONE', #769, #1204, #1074 ) ;
#1390 = AXIS2_PLACEMENT_3D ( 'NONE', #914, #1246, #1029 ) ;
#1391 = CARTESIAN_POINT ( 'NONE',  ( -0.5700000000000010614, 0.4999999999999995559, -3.199999999999931344 ) ) ;
#1392 = AXIS2_PLACEMENT_3D ( 'NONE', #277, #991, #1097 ) ;
#1393 = VECTOR ( 'NONE', #843, 1000.000000000000000 ) ;
#1394 = VERTEX_POINT ( 'NONE', #732 ) ;
#1395 = DIRECTION ( 'NONE',  ( 0.000000000000000000, 1.000000000000000000, 0.000000000000000000 ) ) ;
#1396 = EDGE_CURVE ( 'NONE', #247, #571, #1051, .T. ) ;
#1397 = FACE_OUTER_BOUND ( 'NONE', #503, .T. ) ;
#1398 = CARTESIAN_POINT ( 'NONE',  ( -1.950000000000000400, -4.336808689942017736E-16, 4.799999999999999822 ) ) ;
#1399 = ORIENTED_EDGE ( 'NONE', *, *, #946, .T. ) ;
#1400 = NEXT_ASSEMBLY_USAGE_OCCURRENCE ( 'NAUO1', ' ', ' ', #40, #716, $ ) ;
#1401 = NEXT_ASSEMBLY_USAGE_OCCURRENCE ( 'NAUO2', ' ', ' ', #40, #1329, $ ) ;
#1402 = NEXT_ASSEMBLY_USAGE_OCCURRENCE ( 'NAUO3', ' ', ' ', #40, #1329, $ ) ;
ENDSEC;
END-ISO-10303-21;
